LayerName,NeuronIndex,Score
yolo_model.model.0.conv,0,3362.0
yolo_model.model.0.conv,1,552.0
yolo_model.model.0.conv,2,3946.0
yolo_model.model.0.conv,3,21.0
yolo_model.model.0.conv,4,6437.0
yolo_model.model.0.conv,5,483.0
yolo_model.model.0.conv,6,79.0
yolo_model.model.0.conv,7,5583.0
yolo_model.model.0.conv,8,4.0
yolo_model.model.0.conv,9,97.0
yolo_model.model.0.conv,10,5132.0
yolo_model.model.0.conv,11,0.0
yolo_model.model.0.conv,12,57.0
yolo_model.model.0.conv,13,1349.0
yolo_model.model.0.conv,14,12.0
yolo_model.model.0.conv,15,28.0
yolo_model.model.1.conv,0,768.0
yolo_model.model.1.conv,1,872.0
yolo_model.model.1.conv,2,30.0
yolo_model.model.1.conv,3,89.0
yolo_model.model.1.conv,4,0.0
yolo_model.model.1.conv,5,128.0
yolo_model.model.1.conv,6,508.0
yolo_model.model.1.conv,7,230.0
yolo_model.model.1.conv,8,104.0
yolo_model.model.1.conv,9,10.0
yolo_model.model.1.conv,10,124.0
yolo_model.model.1.conv,11,315.0
yolo_model.model.1.conv,12,8.0
yolo_model.model.1.conv,13,66.0
yolo_model.model.1.conv,14,607.0
yolo_model.model.1.conv,15,2463.0
yolo_model.model.1.conv,16,175.0
yolo_model.model.1.conv,17,573.0
yolo_model.model.1.conv,18,333.0
yolo_model.model.1.conv,19,189.0
yolo_model.model.1.conv,20,55.0
yolo_model.model.1.conv,21,275.0
yolo_model.model.1.conv,22,2.0
yolo_model.model.1.conv,23,8.0
yolo_model.model.1.conv,24,33.0
yolo_model.model.1.conv,25,15.0
yolo_model.model.1.conv,26,107.0
yolo_model.model.1.conv,27,242.0
yolo_model.model.1.conv,28,13.0
yolo_model.model.1.conv,29,43.0
yolo_model.model.1.conv,30,0.0
yolo_model.model.1.conv,31,0.0
yolo_model.model.10.cv1.conv,0,0.0
yolo_model.model.10.cv1.conv,1,0.0
yolo_model.model.10.cv1.conv,2,0.0
yolo_model.model.10.cv1.conv,3,0.0
yolo_model.model.10.cv1.conv,4,0.0
yolo_model.model.10.cv1.conv,5,0.0
yolo_model.model.10.cv1.conv,6,0.0
yolo_model.model.10.cv1.conv,7,0.0
yolo_model.model.10.cv1.conv,8,0.0
yolo_model.model.10.cv1.conv,9,0.0
yolo_model.model.10.cv1.conv,10,0.0
yolo_model.model.10.cv1.conv,11,0.0
yolo_model.model.10.cv1.conv,12,0.0
yolo_model.model.10.cv1.conv,13,0.0
yolo_model.model.10.cv1.conv,14,0.0
yolo_model.model.10.cv1.conv,15,0.0
yolo_model.model.10.cv1.conv,16,0.0
yolo_model.model.10.cv1.conv,17,0.0
yolo_model.model.10.cv1.conv,18,0.0
yolo_model.model.10.cv1.conv,19,0.0
yolo_model.model.10.cv1.conv,20,0.0
yolo_model.model.10.cv1.conv,21,0.0
yolo_model.model.10.cv1.conv,22,0.0
yolo_model.model.10.cv1.conv,23,0.0
yolo_model.model.10.cv1.conv,24,0.0
yolo_model.model.10.cv1.conv,25,0.0
yolo_model.model.10.cv1.conv,26,0.0
yolo_model.model.10.cv1.conv,27,0.0
yolo_model.model.10.cv1.conv,28,0.0
yolo_model.model.10.cv1.conv,29,0.0
yolo_model.model.10.cv1.conv,30,0.0
yolo_model.model.10.cv1.conv,31,0.0
yolo_model.model.10.cv1.conv,32,0.0
yolo_model.model.10.cv1.conv,33,0.0
yolo_model.model.10.cv1.conv,34,0.0
yolo_model.model.10.cv1.conv,35,0.0
yolo_model.model.10.cv1.conv,36,0.0
yolo_model.model.10.cv1.conv,37,0.0
yolo_model.model.10.cv1.conv,38,0.0
yolo_model.model.10.cv1.conv,39,0.0
yolo_model.model.10.cv1.conv,40,0.0
yolo_model.model.10.cv1.conv,41,0.0
yolo_model.model.10.cv1.conv,42,0.0
yolo_model.model.10.cv1.conv,43,0.0
yolo_model.model.10.cv1.conv,44,0.0
yolo_model.model.10.cv1.conv,45,0.0
yolo_model.model.10.cv1.conv,46,0.0
yolo_model.model.10.cv1.conv,47,0.0
yolo_model.model.10.cv1.conv,48,0.0
yolo_model.model.10.cv1.conv,49,0.0
yolo_model.model.10.cv1.conv,50,0.0
yolo_model.model.10.cv1.conv,51,0.0
yolo_model.model.10.cv1.conv,52,0.0
yolo_model.model.10.cv1.conv,53,0.0
yolo_model.model.10.cv1.conv,54,0.0
yolo_model.model.10.cv1.conv,55,0.0
yolo_model.model.10.cv1.conv,56,0.0
yolo_model.model.10.cv1.conv,57,0.0
yolo_model.model.10.cv1.conv,58,0.0
yolo_model.model.10.cv1.conv,59,0.0
yolo_model.model.10.cv1.conv,60,0.0
yolo_model.model.10.cv1.conv,61,0.0
yolo_model.model.10.cv1.conv,62,0.0
yolo_model.model.10.cv1.conv,63,0.0
yolo_model.model.10.cv1.conv,64,0.0
yolo_model.model.10.cv1.conv,65,0.0
yolo_model.model.10.cv1.conv,66,0.0
yolo_model.model.10.cv1.conv,67,0.0
yolo_model.model.10.cv1.conv,68,0.0
yolo_model.model.10.cv1.conv,69,0.0
yolo_model.model.10.cv1.conv,70,0.0
yolo_model.model.10.cv1.conv,71,0.0
yolo_model.model.10.cv1.conv,72,0.0
yolo_model.model.10.cv1.conv,73,0.0
yolo_model.model.10.cv1.conv,74,0.0
yolo_model.model.10.cv1.conv,75,0.0
yolo_model.model.10.cv1.conv,76,0.0
yolo_model.model.10.cv1.conv,77,0.0
yolo_model.model.10.cv1.conv,78,0.0
yolo_model.model.10.cv1.conv,79,0.0
yolo_model.model.10.cv1.conv,80,0.0
yolo_model.model.10.cv1.conv,81,0.0
yolo_model.model.10.cv1.conv,82,0.0
yolo_model.model.10.cv1.conv,83,0.0
yolo_model.model.10.cv1.conv,84,0.0
yolo_model.model.10.cv1.conv,85,0.0
yolo_model.model.10.cv1.conv,86,0.0
yolo_model.model.10.cv1.conv,87,0.0
yolo_model.model.10.cv1.conv,88,0.0
yolo_model.model.10.cv1.conv,89,0.0
yolo_model.model.10.cv1.conv,90,0.0
yolo_model.model.10.cv1.conv,91,0.0
yolo_model.model.10.cv1.conv,92,0.0
yolo_model.model.10.cv1.conv,93,0.0
yolo_model.model.10.cv1.conv,94,0.0
yolo_model.model.10.cv1.conv,95,0.0
yolo_model.model.10.cv1.conv,96,0.0
yolo_model.model.10.cv1.conv,97,0.0
yolo_model.model.10.cv1.conv,98,0.0
yolo_model.model.10.cv1.conv,99,0.0
yolo_model.model.10.cv1.conv,100,0.0
yolo_model.model.10.cv1.conv,101,0.0
yolo_model.model.10.cv1.conv,102,0.0
yolo_model.model.10.cv1.conv,103,0.0
yolo_model.model.10.cv1.conv,104,0.0
yolo_model.model.10.cv1.conv,105,0.0
yolo_model.model.10.cv1.conv,106,0.0
yolo_model.model.10.cv1.conv,107,0.0
yolo_model.model.10.cv1.conv,108,0.0
yolo_model.model.10.cv1.conv,109,0.0
yolo_model.model.10.cv1.conv,110,0.0
yolo_model.model.10.cv1.conv,111,0.0
yolo_model.model.10.cv1.conv,112,0.0
yolo_model.model.10.cv1.conv,113,0.0
yolo_model.model.10.cv1.conv,114,0.0
yolo_model.model.10.cv1.conv,115,0.0
yolo_model.model.10.cv1.conv,116,0.0
yolo_model.model.10.cv1.conv,117,0.0
yolo_model.model.10.cv1.conv,118,0.0
yolo_model.model.10.cv1.conv,119,0.0
yolo_model.model.10.cv1.conv,120,0.0
yolo_model.model.10.cv1.conv,121,0.0
yolo_model.model.10.cv1.conv,122,0.0
yolo_model.model.10.cv1.conv,123,0.0
yolo_model.model.10.cv1.conv,124,0.0
yolo_model.model.10.cv1.conv,125,0.0
yolo_model.model.10.cv1.conv,126,0.0
yolo_model.model.10.cv1.conv,127,0.0
yolo_model.model.10.cv1.conv,128,36.0
yolo_model.model.10.cv1.conv,129,0.0
yolo_model.model.10.cv1.conv,130,12.0
yolo_model.model.10.cv1.conv,131,0.0
yolo_model.model.10.cv1.conv,132,0.0
yolo_model.model.10.cv1.conv,133,3.0
yolo_model.model.10.cv1.conv,134,86.0
yolo_model.model.10.cv1.conv,135,0.0
yolo_model.model.10.cv1.conv,136,0.0
yolo_model.model.10.cv1.conv,137,0.0
yolo_model.model.10.cv1.conv,138,0.0
yolo_model.model.10.cv1.conv,139,0.0
yolo_model.model.10.cv1.conv,140,14.0
yolo_model.model.10.cv1.conv,141,0.0
yolo_model.model.10.cv1.conv,142,8.0
yolo_model.model.10.cv1.conv,143,2731.0
yolo_model.model.10.cv1.conv,144,0.0
yolo_model.model.10.cv1.conv,145,0.0
yolo_model.model.10.cv1.conv,146,16.0
yolo_model.model.10.cv1.conv,147,84.0
yolo_model.model.10.cv1.conv,148,0.0
yolo_model.model.10.cv1.conv,149,0.0
yolo_model.model.10.cv1.conv,150,0.0
yolo_model.model.10.cv1.conv,151,3.0
yolo_model.model.10.cv1.conv,152,0.0
yolo_model.model.10.cv1.conv,153,0.0
yolo_model.model.10.cv1.conv,154,2.0
yolo_model.model.10.cv1.conv,155,0.0
yolo_model.model.10.cv1.conv,156,0.0
yolo_model.model.10.cv1.conv,157,5.0
yolo_model.model.10.cv1.conv,158,0.0
yolo_model.model.10.cv1.conv,159,0.0
yolo_model.model.10.cv1.conv,160,36.0
yolo_model.model.10.cv1.conv,161,27.0
yolo_model.model.10.cv1.conv,162,34.0
yolo_model.model.10.cv1.conv,163,0.0
yolo_model.model.10.cv1.conv,164,4.0
yolo_model.model.10.cv1.conv,165,0.0
yolo_model.model.10.cv1.conv,166,0.0
yolo_model.model.10.cv1.conv,167,0.0
yolo_model.model.10.cv1.conv,168,5.0
yolo_model.model.10.cv1.conv,169,0.0
yolo_model.model.10.cv1.conv,170,0.0
yolo_model.model.10.cv1.conv,171,0.0
yolo_model.model.10.cv1.conv,172,0.0
yolo_model.model.10.cv1.conv,173,16.0
yolo_model.model.10.cv1.conv,174,266.0
yolo_model.model.10.cv1.conv,175,0.0
yolo_model.model.10.cv1.conv,176,0.0
yolo_model.model.10.cv1.conv,177,4.0
yolo_model.model.10.cv1.conv,178,146.0
yolo_model.model.10.cv1.conv,179,277.0
yolo_model.model.10.cv1.conv,180,42.0
yolo_model.model.10.cv1.conv,181,0.0
yolo_model.model.10.cv1.conv,182,0.0
yolo_model.model.10.cv1.conv,183,0.0
yolo_model.model.10.cv1.conv,184,0.0
yolo_model.model.10.cv1.conv,185,0.0
yolo_model.model.10.cv1.conv,186,0.0
yolo_model.model.10.cv1.conv,187,20.0
yolo_model.model.10.cv1.conv,188,0.0
yolo_model.model.10.cv1.conv,189,0.0
yolo_model.model.10.cv1.conv,190,0.0
yolo_model.model.10.cv1.conv,191,3.0
yolo_model.model.10.cv1.conv,192,0.0
yolo_model.model.10.cv1.conv,193,0.0
yolo_model.model.10.cv1.conv,194,0.0
yolo_model.model.10.cv1.conv,195,0.0
yolo_model.model.10.cv1.conv,196,67.0
yolo_model.model.10.cv1.conv,197,0.0
yolo_model.model.10.cv1.conv,198,4.0
yolo_model.model.10.cv1.conv,199,16.0
yolo_model.model.10.cv1.conv,200,21.0
yolo_model.model.10.cv1.conv,201,0.0
yolo_model.model.10.cv1.conv,202,0.0
yolo_model.model.10.cv1.conv,203,10.0
yolo_model.model.10.cv1.conv,204,0.0
yolo_model.model.10.cv1.conv,205,0.0
yolo_model.model.10.cv1.conv,206,4.0
yolo_model.model.10.cv1.conv,207,258.0
yolo_model.model.10.cv1.conv,208,14.0
yolo_model.model.10.cv1.conv,209,6.0
yolo_model.model.10.cv1.conv,210,0.0
yolo_model.model.10.cv1.conv,211,0.0
yolo_model.model.10.cv1.conv,212,6.0
yolo_model.model.10.cv1.conv,213,0.0
yolo_model.model.10.cv1.conv,214,0.0
yolo_model.model.10.cv1.conv,215,21.0
yolo_model.model.10.cv1.conv,216,65.0
yolo_model.model.10.cv1.conv,217,46.0
yolo_model.model.10.cv1.conv,218,67.0
yolo_model.model.10.cv1.conv,219,4.0
yolo_model.model.10.cv1.conv,220,0.0
yolo_model.model.10.cv1.conv,221,0.0
yolo_model.model.10.cv1.conv,222,53.0
yolo_model.model.10.cv1.conv,223,0.0
yolo_model.model.10.cv1.conv,224,445.0
yolo_model.model.10.cv1.conv,225,0.0
yolo_model.model.10.cv1.conv,226,0.0
yolo_model.model.10.cv1.conv,227,0.0
yolo_model.model.10.cv1.conv,228,0.0
yolo_model.model.10.cv1.conv,229,0.0
yolo_model.model.10.cv1.conv,230,0.0
yolo_model.model.10.cv1.conv,231,0.0
yolo_model.model.10.cv1.conv,232,0.0
yolo_model.model.10.cv1.conv,233,0.0
yolo_model.model.10.cv1.conv,234,0.0
yolo_model.model.10.cv1.conv,235,0.0
yolo_model.model.10.cv1.conv,236,0.0
yolo_model.model.10.cv1.conv,237,5.0
yolo_model.model.10.cv1.conv,238,15.0
yolo_model.model.10.cv1.conv,239,0.0
yolo_model.model.10.cv1.conv,240,79.0
yolo_model.model.10.cv1.conv,241,0.0
yolo_model.model.10.cv1.conv,242,8.0
yolo_model.model.10.cv1.conv,243,0.0
yolo_model.model.10.cv1.conv,244,0.0
yolo_model.model.10.cv1.conv,245,0.0
yolo_model.model.10.cv1.conv,246,0.0
yolo_model.model.10.cv1.conv,247,10.0
yolo_model.model.10.cv1.conv,248,0.0
yolo_model.model.10.cv1.conv,249,0.0
yolo_model.model.10.cv1.conv,250,18.0
yolo_model.model.10.cv1.conv,251,0.0
yolo_model.model.10.cv1.conv,252,7.0
yolo_model.model.10.cv1.conv,253,348.0
yolo_model.model.10.cv1.conv,254,9.0
yolo_model.model.10.cv1.conv,255,0.0
yolo_model.model.10.cv2.conv,0,0.0
yolo_model.model.10.cv2.conv,1,43.0
yolo_model.model.10.cv2.conv,2,0.0
yolo_model.model.10.cv2.conv,3,0.0
yolo_model.model.10.cv2.conv,4,0.0
yolo_model.model.10.cv2.conv,5,0.0
yolo_model.model.10.cv2.conv,6,0.0
yolo_model.model.10.cv2.conv,7,0.0
yolo_model.model.10.cv2.conv,8,0.0
yolo_model.model.10.cv2.conv,9,0.0
yolo_model.model.10.cv2.conv,10,0.0
yolo_model.model.10.cv2.conv,11,0.0
yolo_model.model.10.cv2.conv,12,0.0
yolo_model.model.10.cv2.conv,13,0.0
yolo_model.model.10.cv2.conv,14,0.0
yolo_model.model.10.cv2.conv,15,0.0
yolo_model.model.10.cv2.conv,16,0.0
yolo_model.model.10.cv2.conv,17,0.0
yolo_model.model.10.cv2.conv,18,0.0
yolo_model.model.10.cv2.conv,19,0.0
yolo_model.model.10.cv2.conv,20,0.0
yolo_model.model.10.cv2.conv,21,0.0
yolo_model.model.10.cv2.conv,22,0.0
yolo_model.model.10.cv2.conv,23,0.0
yolo_model.model.10.cv2.conv,24,0.0
yolo_model.model.10.cv2.conv,25,13.0
yolo_model.model.10.cv2.conv,26,0.0
yolo_model.model.10.cv2.conv,27,0.0
yolo_model.model.10.cv2.conv,28,0.0
yolo_model.model.10.cv2.conv,29,0.0
yolo_model.model.10.cv2.conv,30,0.0
yolo_model.model.10.cv2.conv,31,0.0
yolo_model.model.10.cv2.conv,32,0.0
yolo_model.model.10.cv2.conv,33,0.0
yolo_model.model.10.cv2.conv,34,0.0
yolo_model.model.10.cv2.conv,35,0.0
yolo_model.model.10.cv2.conv,36,0.0
yolo_model.model.10.cv2.conv,37,0.0
yolo_model.model.10.cv2.conv,38,0.0
yolo_model.model.10.cv2.conv,39,0.0
yolo_model.model.10.cv2.conv,40,0.0
yolo_model.model.10.cv2.conv,41,0.0
yolo_model.model.10.cv2.conv,42,0.0
yolo_model.model.10.cv2.conv,43,0.0
yolo_model.model.10.cv2.conv,44,0.0
yolo_model.model.10.cv2.conv,45,0.0
yolo_model.model.10.cv2.conv,46,0.0
yolo_model.model.10.cv2.conv,47,0.0
yolo_model.model.10.cv2.conv,48,0.0
yolo_model.model.10.cv2.conv,49,0.0
yolo_model.model.10.cv2.conv,50,0.0
yolo_model.model.10.cv2.conv,51,0.0
yolo_model.model.10.cv2.conv,52,0.0
yolo_model.model.10.cv2.conv,53,0.0
yolo_model.model.10.cv2.conv,54,0.0
yolo_model.model.10.cv2.conv,55,0.0
yolo_model.model.10.cv2.conv,56,0.0
yolo_model.model.10.cv2.conv,57,0.0
yolo_model.model.10.cv2.conv,58,0.0
yolo_model.model.10.cv2.conv,59,0.0
yolo_model.model.10.cv2.conv,60,0.0
yolo_model.model.10.cv2.conv,61,0.0
yolo_model.model.10.cv2.conv,62,0.0
yolo_model.model.10.cv2.conv,63,0.0
yolo_model.model.10.cv2.conv,64,0.0
yolo_model.model.10.cv2.conv,65,13.0
yolo_model.model.10.cv2.conv,66,0.0
yolo_model.model.10.cv2.conv,67,7.0
yolo_model.model.10.cv2.conv,68,0.0
yolo_model.model.10.cv2.conv,69,0.0
yolo_model.model.10.cv2.conv,70,0.0
yolo_model.model.10.cv2.conv,71,0.0
yolo_model.model.10.cv2.conv,72,0.0
yolo_model.model.10.cv2.conv,73,0.0
yolo_model.model.10.cv2.conv,74,0.0
yolo_model.model.10.cv2.conv,75,18.0
yolo_model.model.10.cv2.conv,76,45.0
yolo_model.model.10.cv2.conv,77,20.0
yolo_model.model.10.cv2.conv,78,0.0
yolo_model.model.10.cv2.conv,79,0.0
yolo_model.model.10.cv2.conv,80,0.0
yolo_model.model.10.cv2.conv,81,0.0
yolo_model.model.10.cv2.conv,82,0.0
yolo_model.model.10.cv2.conv,83,11.0
yolo_model.model.10.cv2.conv,84,0.0
yolo_model.model.10.cv2.conv,85,0.0
yolo_model.model.10.cv2.conv,86,0.0
yolo_model.model.10.cv2.conv,87,2089.0
yolo_model.model.10.cv2.conv,88,0.0
yolo_model.model.10.cv2.conv,89,0.0
yolo_model.model.10.cv2.conv,90,0.0
yolo_model.model.10.cv2.conv,91,0.0
yolo_model.model.10.cv2.conv,92,18.0
yolo_model.model.10.cv2.conv,93,0.0
yolo_model.model.10.cv2.conv,94,0.0
yolo_model.model.10.cv2.conv,95,384.0
yolo_model.model.10.cv2.conv,96,0.0
yolo_model.model.10.cv2.conv,97,0.0
yolo_model.model.10.cv2.conv,98,0.0
yolo_model.model.10.cv2.conv,99,0.0
yolo_model.model.10.cv2.conv,100,12.0
yolo_model.model.10.cv2.conv,101,0.0
yolo_model.model.10.cv2.conv,102,0.0
yolo_model.model.10.cv2.conv,103,0.0
yolo_model.model.10.cv2.conv,104,0.0
yolo_model.model.10.cv2.conv,105,0.0
yolo_model.model.10.cv2.conv,106,0.0
yolo_model.model.10.cv2.conv,107,0.0
yolo_model.model.10.cv2.conv,108,14.0
yolo_model.model.10.cv2.conv,109,0.0
yolo_model.model.10.cv2.conv,110,0.0
yolo_model.model.10.cv2.conv,111,0.0
yolo_model.model.10.cv2.conv,112,0.0
yolo_model.model.10.cv2.conv,113,0.0
yolo_model.model.10.cv2.conv,114,0.0
yolo_model.model.10.cv2.conv,115,0.0
yolo_model.model.10.cv2.conv,116,0.0
yolo_model.model.10.cv2.conv,117,0.0
yolo_model.model.10.cv2.conv,118,0.0
yolo_model.model.10.cv2.conv,119,0.0
yolo_model.model.10.cv2.conv,120,0.0
yolo_model.model.10.cv2.conv,121,0.0
yolo_model.model.10.cv2.conv,122,0.0
yolo_model.model.10.cv2.conv,123,0.0
yolo_model.model.10.cv2.conv,124,0.0
yolo_model.model.10.cv2.conv,125,0.0
yolo_model.model.10.cv2.conv,126,0.0
yolo_model.model.10.cv2.conv,127,0.0
yolo_model.model.10.cv2.conv,128,0.0
yolo_model.model.10.cv2.conv,129,0.0
yolo_model.model.10.cv2.conv,130,0.0
yolo_model.model.10.cv2.conv,131,18.0
yolo_model.model.10.cv2.conv,132,68.0
yolo_model.model.10.cv2.conv,133,0.0
yolo_model.model.10.cv2.conv,134,0.0
yolo_model.model.10.cv2.conv,135,0.0
yolo_model.model.10.cv2.conv,136,0.0
yolo_model.model.10.cv2.conv,137,23.0
yolo_model.model.10.cv2.conv,138,0.0
yolo_model.model.10.cv2.conv,139,0.0
yolo_model.model.10.cv2.conv,140,0.0
yolo_model.model.10.cv2.conv,141,0.0
yolo_model.model.10.cv2.conv,142,0.0
yolo_model.model.10.cv2.conv,143,0.0
yolo_model.model.10.cv2.conv,144,0.0
yolo_model.model.10.cv2.conv,145,0.0
yolo_model.model.10.cv2.conv,146,0.0
yolo_model.model.10.cv2.conv,147,0.0
yolo_model.model.10.cv2.conv,148,0.0
yolo_model.model.10.cv2.conv,149,0.0
yolo_model.model.10.cv2.conv,150,0.0
yolo_model.model.10.cv2.conv,151,0.0
yolo_model.model.10.cv2.conv,152,0.0
yolo_model.model.10.cv2.conv,153,0.0
yolo_model.model.10.cv2.conv,154,0.0
yolo_model.model.10.cv2.conv,155,0.0
yolo_model.model.10.cv2.conv,156,0.0
yolo_model.model.10.cv2.conv,157,0.0
yolo_model.model.10.cv2.conv,158,0.0
yolo_model.model.10.cv2.conv,159,0.0
yolo_model.model.10.cv2.conv,160,0.0
yolo_model.model.10.cv2.conv,161,0.0
yolo_model.model.10.cv2.conv,162,0.0
yolo_model.model.10.cv2.conv,163,2.0
yolo_model.model.10.cv2.conv,164,0.0
yolo_model.model.10.cv2.conv,165,17.0
yolo_model.model.10.cv2.conv,166,0.0
yolo_model.model.10.cv2.conv,167,0.0
yolo_model.model.10.cv2.conv,168,0.0
yolo_model.model.10.cv2.conv,169,872.0
yolo_model.model.10.cv2.conv,170,29.0
yolo_model.model.10.cv2.conv,171,0.0
yolo_model.model.10.cv2.conv,172,0.0
yolo_model.model.10.cv2.conv,173,2.0
yolo_model.model.10.cv2.conv,174,0.0
yolo_model.model.10.cv2.conv,175,0.0
yolo_model.model.10.cv2.conv,176,0.0
yolo_model.model.10.cv2.conv,177,0.0
yolo_model.model.10.cv2.conv,178,0.0
yolo_model.model.10.cv2.conv,179,0.0
yolo_model.model.10.cv2.conv,180,0.0
yolo_model.model.10.cv2.conv,181,0.0
yolo_model.model.10.cv2.conv,182,75.0
yolo_model.model.10.cv2.conv,183,8.0
yolo_model.model.10.cv2.conv,184,0.0
yolo_model.model.10.cv2.conv,185,0.0
yolo_model.model.10.cv2.conv,186,0.0
yolo_model.model.10.cv2.conv,187,0.0
yolo_model.model.10.cv2.conv,188,0.0
yolo_model.model.10.cv2.conv,189,0.0
yolo_model.model.10.cv2.conv,190,0.0
yolo_model.model.10.cv2.conv,191,13.0
yolo_model.model.10.cv2.conv,192,0.0
yolo_model.model.10.cv2.conv,193,0.0
yolo_model.model.10.cv2.conv,194,17.0
yolo_model.model.10.cv2.conv,195,6.0
yolo_model.model.10.cv2.conv,196,0.0
yolo_model.model.10.cv2.conv,197,0.0
yolo_model.model.10.cv2.conv,198,8.0
yolo_model.model.10.cv2.conv,199,0.0
yolo_model.model.10.cv2.conv,200,0.0
yolo_model.model.10.cv2.conv,201,0.0
yolo_model.model.10.cv2.conv,202,0.0
yolo_model.model.10.cv2.conv,203,0.0
yolo_model.model.10.cv2.conv,204,0.0
yolo_model.model.10.cv2.conv,205,0.0
yolo_model.model.10.cv2.conv,206,0.0
yolo_model.model.10.cv2.conv,207,0.0
yolo_model.model.10.cv2.conv,208,0.0
yolo_model.model.10.cv2.conv,209,336.0
yolo_model.model.10.cv2.conv,210,0.0
yolo_model.model.10.cv2.conv,211,0.0
yolo_model.model.10.cv2.conv,212,0.0
yolo_model.model.10.cv2.conv,213,3.0
yolo_model.model.10.cv2.conv,214,0.0
yolo_model.model.10.cv2.conv,215,5.0
yolo_model.model.10.cv2.conv,216,0.0
yolo_model.model.10.cv2.conv,217,0.0
yolo_model.model.10.cv2.conv,218,0.0
yolo_model.model.10.cv2.conv,219,0.0
yolo_model.model.10.cv2.conv,220,0.0
yolo_model.model.10.cv2.conv,221,0.0
yolo_model.model.10.cv2.conv,222,0.0
yolo_model.model.10.cv2.conv,223,0.0
yolo_model.model.10.cv2.conv,224,0.0
yolo_model.model.10.cv2.conv,225,0.0
yolo_model.model.10.cv2.conv,226,0.0
yolo_model.model.10.cv2.conv,227,0.0
yolo_model.model.10.cv2.conv,228,0.0
yolo_model.model.10.cv2.conv,229,26.0
yolo_model.model.10.cv2.conv,230,14.0
yolo_model.model.10.cv2.conv,231,0.0
yolo_model.model.10.cv2.conv,232,0.0
yolo_model.model.10.cv2.conv,233,0.0
yolo_model.model.10.cv2.conv,234,0.0
yolo_model.model.10.cv2.conv,235,0.0
yolo_model.model.10.cv2.conv,236,0.0
yolo_model.model.10.cv2.conv,237,0.0
yolo_model.model.10.cv2.conv,238,51.0
yolo_model.model.10.cv2.conv,239,0.0
yolo_model.model.10.cv2.conv,240,0.0
yolo_model.model.10.cv2.conv,241,0.0
yolo_model.model.10.cv2.conv,242,0.0
yolo_model.model.10.cv2.conv,243,0.0
yolo_model.model.10.cv2.conv,244,0.0
yolo_model.model.10.cv2.conv,245,15.0
yolo_model.model.10.cv2.conv,246,0.0
yolo_model.model.10.cv2.conv,247,22.0
yolo_model.model.10.cv2.conv,248,0.0
yolo_model.model.10.cv2.conv,249,12.0
yolo_model.model.10.cv2.conv,250,0.0
yolo_model.model.10.cv2.conv,251,2.0
yolo_model.model.10.cv2.conv,252,0.0
yolo_model.model.10.cv2.conv,253,0.0
yolo_model.model.10.cv2.conv,254,0.0
yolo_model.model.10.cv2.conv,255,0.0
yolo_model.model.10.m.0.attn.pe.conv,0,0.0
yolo_model.model.10.m.0.attn.pe.conv,1,0.0
yolo_model.model.10.m.0.attn.pe.conv,2,0.0
yolo_model.model.10.m.0.attn.pe.conv,3,0.0
yolo_model.model.10.m.0.attn.pe.conv,4,0.0
yolo_model.model.10.m.0.attn.pe.conv,5,0.0
yolo_model.model.10.m.0.attn.pe.conv,6,1.0
yolo_model.model.10.m.0.attn.pe.conv,7,0.0
yolo_model.model.10.m.0.attn.pe.conv,8,0.0
yolo_model.model.10.m.0.attn.pe.conv,9,0.0
yolo_model.model.10.m.0.attn.pe.conv,10,0.0
yolo_model.model.10.m.0.attn.pe.conv,11,0.0
yolo_model.model.10.m.0.attn.pe.conv,12,0.0
yolo_model.model.10.m.0.attn.pe.conv,13,0.0
yolo_model.model.10.m.0.attn.pe.conv,14,0.0
yolo_model.model.10.m.0.attn.pe.conv,15,11.0
yolo_model.model.10.m.0.attn.pe.conv,16,0.0
yolo_model.model.10.m.0.attn.pe.conv,17,0.0
yolo_model.model.10.m.0.attn.pe.conv,18,0.0
yolo_model.model.10.m.0.attn.pe.conv,19,0.0
yolo_model.model.10.m.0.attn.pe.conv,20,0.0
yolo_model.model.10.m.0.attn.pe.conv,21,0.0
yolo_model.model.10.m.0.attn.pe.conv,22,0.0
yolo_model.model.10.m.0.attn.pe.conv,23,0.0
yolo_model.model.10.m.0.attn.pe.conv,24,0.0
yolo_model.model.10.m.0.attn.pe.conv,25,0.0
yolo_model.model.10.m.0.attn.pe.conv,26,0.0
yolo_model.model.10.m.0.attn.pe.conv,27,0.0
yolo_model.model.10.m.0.attn.pe.conv,28,0.0
yolo_model.model.10.m.0.attn.pe.conv,29,3.0
yolo_model.model.10.m.0.attn.pe.conv,30,0.0
yolo_model.model.10.m.0.attn.pe.conv,31,0.0
yolo_model.model.10.m.0.attn.pe.conv,32,0.0
yolo_model.model.10.m.0.attn.pe.conv,33,0.0
yolo_model.model.10.m.0.attn.pe.conv,34,0.0
yolo_model.model.10.m.0.attn.pe.conv,35,0.0
yolo_model.model.10.m.0.attn.pe.conv,36,0.0
yolo_model.model.10.m.0.attn.pe.conv,37,18.0
yolo_model.model.10.m.0.attn.pe.conv,38,0.0
yolo_model.model.10.m.0.attn.pe.conv,39,0.0
yolo_model.model.10.m.0.attn.pe.conv,40,0.0
yolo_model.model.10.m.0.attn.pe.conv,41,0.0
yolo_model.model.10.m.0.attn.pe.conv,42,0.0
yolo_model.model.10.m.0.attn.pe.conv,43,0.0
yolo_model.model.10.m.0.attn.pe.conv,44,0.0
yolo_model.model.10.m.0.attn.pe.conv,45,0.0
yolo_model.model.10.m.0.attn.pe.conv,46,0.0
yolo_model.model.10.m.0.attn.pe.conv,47,0.0
yolo_model.model.10.m.0.attn.pe.conv,48,0.0
yolo_model.model.10.m.0.attn.pe.conv,49,0.0
yolo_model.model.10.m.0.attn.pe.conv,50,0.0
yolo_model.model.10.m.0.attn.pe.conv,51,0.0
yolo_model.model.10.m.0.attn.pe.conv,52,0.0
yolo_model.model.10.m.0.attn.pe.conv,53,0.0
yolo_model.model.10.m.0.attn.pe.conv,54,0.0
yolo_model.model.10.m.0.attn.pe.conv,55,0.0
yolo_model.model.10.m.0.attn.pe.conv,56,36.0
yolo_model.model.10.m.0.attn.pe.conv,57,0.0
yolo_model.model.10.m.0.attn.pe.conv,58,0.0
yolo_model.model.10.m.0.attn.pe.conv,59,0.0
yolo_model.model.10.m.0.attn.pe.conv,60,0.0
yolo_model.model.10.m.0.attn.pe.conv,61,0.0
yolo_model.model.10.m.0.attn.pe.conv,62,0.0
yolo_model.model.10.m.0.attn.pe.conv,63,0.0
yolo_model.model.10.m.0.attn.pe.conv,64,0.0
yolo_model.model.10.m.0.attn.pe.conv,65,0.0
yolo_model.model.10.m.0.attn.pe.conv,66,0.0
yolo_model.model.10.m.0.attn.pe.conv,67,0.0
yolo_model.model.10.m.0.attn.pe.conv,68,0.0
yolo_model.model.10.m.0.attn.pe.conv,69,0.0
yolo_model.model.10.m.0.attn.pe.conv,70,0.0
yolo_model.model.10.m.0.attn.pe.conv,71,0.0
yolo_model.model.10.m.0.attn.pe.conv,72,0.0
yolo_model.model.10.m.0.attn.pe.conv,73,0.0
yolo_model.model.10.m.0.attn.pe.conv,74,0.0
yolo_model.model.10.m.0.attn.pe.conv,75,0.0
yolo_model.model.10.m.0.attn.pe.conv,76,0.0
yolo_model.model.10.m.0.attn.pe.conv,77,0.0
yolo_model.model.10.m.0.attn.pe.conv,78,0.0
yolo_model.model.10.m.0.attn.pe.conv,79,997.0
yolo_model.model.10.m.0.attn.pe.conv,80,0.0
yolo_model.model.10.m.0.attn.pe.conv,81,0.0
yolo_model.model.10.m.0.attn.pe.conv,82,0.0
yolo_model.model.10.m.0.attn.pe.conv,83,0.0
yolo_model.model.10.m.0.attn.pe.conv,84,0.0
yolo_model.model.10.m.0.attn.pe.conv,85,0.0
yolo_model.model.10.m.0.attn.pe.conv,86,0.0
yolo_model.model.10.m.0.attn.pe.conv,87,0.0
yolo_model.model.10.m.0.attn.pe.conv,88,520.0
yolo_model.model.10.m.0.attn.pe.conv,89,0.0
yolo_model.model.10.m.0.attn.pe.conv,90,0.0
yolo_model.model.10.m.0.attn.pe.conv,91,0.0
yolo_model.model.10.m.0.attn.pe.conv,92,0.0
yolo_model.model.10.m.0.attn.pe.conv,93,0.0
yolo_model.model.10.m.0.attn.pe.conv,94,0.0
yolo_model.model.10.m.0.attn.pe.conv,95,0.0
yolo_model.model.10.m.0.attn.pe.conv,96,0.0
yolo_model.model.10.m.0.attn.pe.conv,97,0.0
yolo_model.model.10.m.0.attn.pe.conv,98,0.0
yolo_model.model.10.m.0.attn.pe.conv,99,0.0
yolo_model.model.10.m.0.attn.pe.conv,100,0.0
yolo_model.model.10.m.0.attn.pe.conv,101,0.0
yolo_model.model.10.m.0.attn.pe.conv,102,0.0
yolo_model.model.10.m.0.attn.pe.conv,103,0.0
yolo_model.model.10.m.0.attn.pe.conv,104,0.0
yolo_model.model.10.m.0.attn.pe.conv,105,0.0
yolo_model.model.10.m.0.attn.pe.conv,106,0.0
yolo_model.model.10.m.0.attn.pe.conv,107,0.0
yolo_model.model.10.m.0.attn.pe.conv,108,0.0
yolo_model.model.10.m.0.attn.pe.conv,109,0.0
yolo_model.model.10.m.0.attn.pe.conv,110,0.0
yolo_model.model.10.m.0.attn.pe.conv,111,0.0
yolo_model.model.10.m.0.attn.pe.conv,112,0.0
yolo_model.model.10.m.0.attn.pe.conv,113,0.0
yolo_model.model.10.m.0.attn.pe.conv,114,0.0
yolo_model.model.10.m.0.attn.pe.conv,115,0.0
yolo_model.model.10.m.0.attn.pe.conv,116,0.0
yolo_model.model.10.m.0.attn.pe.conv,117,0.0
yolo_model.model.10.m.0.attn.pe.conv,118,0.0
yolo_model.model.10.m.0.attn.pe.conv,119,0.0
yolo_model.model.10.m.0.attn.pe.conv,120,0.0
yolo_model.model.10.m.0.attn.pe.conv,121,0.0
yolo_model.model.10.m.0.attn.pe.conv,122,0.0
yolo_model.model.10.m.0.attn.pe.conv,123,0.0
yolo_model.model.10.m.0.attn.pe.conv,124,0.0
yolo_model.model.10.m.0.attn.pe.conv,125,0.0
yolo_model.model.10.m.0.attn.pe.conv,126,0.0
yolo_model.model.10.m.0.attn.pe.conv,127,3.0
yolo_model.model.10.m.0.attn.proj.conv,0,0.0
yolo_model.model.10.m.0.attn.proj.conv,1,0.0
yolo_model.model.10.m.0.attn.proj.conv,2,0.0
yolo_model.model.10.m.0.attn.proj.conv,3,0.0
yolo_model.model.10.m.0.attn.proj.conv,4,0.0
yolo_model.model.10.m.0.attn.proj.conv,5,0.0
yolo_model.model.10.m.0.attn.proj.conv,6,0.0
yolo_model.model.10.m.0.attn.proj.conv,7,0.0
yolo_model.model.10.m.0.attn.proj.conv,8,0.0
yolo_model.model.10.m.0.attn.proj.conv,9,0.0
yolo_model.model.10.m.0.attn.proj.conv,10,0.0
yolo_model.model.10.m.0.attn.proj.conv,11,0.0
yolo_model.model.10.m.0.attn.proj.conv,12,0.0
yolo_model.model.10.m.0.attn.proj.conv,13,0.0
yolo_model.model.10.m.0.attn.proj.conv,14,0.0
yolo_model.model.10.m.0.attn.proj.conv,15,0.0
yolo_model.model.10.m.0.attn.proj.conv,16,0.0
yolo_model.model.10.m.0.attn.proj.conv,17,0.0
yolo_model.model.10.m.0.attn.proj.conv,18,0.0
yolo_model.model.10.m.0.attn.proj.conv,19,0.0
yolo_model.model.10.m.0.attn.proj.conv,20,0.0
yolo_model.model.10.m.0.attn.proj.conv,21,0.0
yolo_model.model.10.m.0.attn.proj.conv,22,0.0
yolo_model.model.10.m.0.attn.proj.conv,23,0.0
yolo_model.model.10.m.0.attn.proj.conv,24,0.0
yolo_model.model.10.m.0.attn.proj.conv,25,0.0
yolo_model.model.10.m.0.attn.proj.conv,26,0.0
yolo_model.model.10.m.0.attn.proj.conv,27,0.0
yolo_model.model.10.m.0.attn.proj.conv,28,0.0
yolo_model.model.10.m.0.attn.proj.conv,29,0.0
yolo_model.model.10.m.0.attn.proj.conv,30,0.0
yolo_model.model.10.m.0.attn.proj.conv,31,0.0
yolo_model.model.10.m.0.attn.proj.conv,32,0.0
yolo_model.model.10.m.0.attn.proj.conv,33,0.0
yolo_model.model.10.m.0.attn.proj.conv,34,0.0
yolo_model.model.10.m.0.attn.proj.conv,35,0.0
yolo_model.model.10.m.0.attn.proj.conv,36,0.0
yolo_model.model.10.m.0.attn.proj.conv,37,0.0
yolo_model.model.10.m.0.attn.proj.conv,38,0.0
yolo_model.model.10.m.0.attn.proj.conv,39,0.0
yolo_model.model.10.m.0.attn.proj.conv,40,0.0
yolo_model.model.10.m.0.attn.proj.conv,41,0.0
yolo_model.model.10.m.0.attn.proj.conv,42,0.0
yolo_model.model.10.m.0.attn.proj.conv,43,0.0
yolo_model.model.10.m.0.attn.proj.conv,44,0.0
yolo_model.model.10.m.0.attn.proj.conv,45,0.0
yolo_model.model.10.m.0.attn.proj.conv,46,0.0
yolo_model.model.10.m.0.attn.proj.conv,47,0.0
yolo_model.model.10.m.0.attn.proj.conv,48,0.0
yolo_model.model.10.m.0.attn.proj.conv,49,0.0
yolo_model.model.10.m.0.attn.proj.conv,50,0.0
yolo_model.model.10.m.0.attn.proj.conv,51,0.0
yolo_model.model.10.m.0.attn.proj.conv,52,0.0
yolo_model.model.10.m.0.attn.proj.conv,53,0.0
yolo_model.model.10.m.0.attn.proj.conv,54,0.0
yolo_model.model.10.m.0.attn.proj.conv,55,0.0
yolo_model.model.10.m.0.attn.proj.conv,56,0.0
yolo_model.model.10.m.0.attn.proj.conv,57,0.0
yolo_model.model.10.m.0.attn.proj.conv,58,0.0
yolo_model.model.10.m.0.attn.proj.conv,59,0.0
yolo_model.model.10.m.0.attn.proj.conv,60,0.0
yolo_model.model.10.m.0.attn.proj.conv,61,0.0
yolo_model.model.10.m.0.attn.proj.conv,62,0.0
yolo_model.model.10.m.0.attn.proj.conv,63,0.0
yolo_model.model.10.m.0.attn.proj.conv,64,0.0
yolo_model.model.10.m.0.attn.proj.conv,65,0.0
yolo_model.model.10.m.0.attn.proj.conv,66,0.0
yolo_model.model.10.m.0.attn.proj.conv,67,0.0
yolo_model.model.10.m.0.attn.proj.conv,68,0.0
yolo_model.model.10.m.0.attn.proj.conv,69,0.0
yolo_model.model.10.m.0.attn.proj.conv,70,0.0
yolo_model.model.10.m.0.attn.proj.conv,71,0.0
yolo_model.model.10.m.0.attn.proj.conv,72,0.0
yolo_model.model.10.m.0.attn.proj.conv,73,0.0
yolo_model.model.10.m.0.attn.proj.conv,74,0.0
yolo_model.model.10.m.0.attn.proj.conv,75,0.0
yolo_model.model.10.m.0.attn.proj.conv,76,0.0
yolo_model.model.10.m.0.attn.proj.conv,77,0.0
yolo_model.model.10.m.0.attn.proj.conv,78,0.0
yolo_model.model.10.m.0.attn.proj.conv,79,0.0
yolo_model.model.10.m.0.attn.proj.conv,80,0.0
yolo_model.model.10.m.0.attn.proj.conv,81,0.0
yolo_model.model.10.m.0.attn.proj.conv,82,0.0
yolo_model.model.10.m.0.attn.proj.conv,83,0.0
yolo_model.model.10.m.0.attn.proj.conv,84,0.0
yolo_model.model.10.m.0.attn.proj.conv,85,0.0
yolo_model.model.10.m.0.attn.proj.conv,86,0.0
yolo_model.model.10.m.0.attn.proj.conv,87,0.0
yolo_model.model.10.m.0.attn.proj.conv,88,0.0
yolo_model.model.10.m.0.attn.proj.conv,89,0.0
yolo_model.model.10.m.0.attn.proj.conv,90,0.0
yolo_model.model.10.m.0.attn.proj.conv,91,0.0
yolo_model.model.10.m.0.attn.proj.conv,92,0.0
yolo_model.model.10.m.0.attn.proj.conv,93,0.0
yolo_model.model.10.m.0.attn.proj.conv,94,0.0
yolo_model.model.10.m.0.attn.proj.conv,95,0.0
yolo_model.model.10.m.0.attn.proj.conv,96,0.0
yolo_model.model.10.m.0.attn.proj.conv,97,0.0
yolo_model.model.10.m.0.attn.proj.conv,98,0.0
yolo_model.model.10.m.0.attn.proj.conv,99,0.0
yolo_model.model.10.m.0.attn.proj.conv,100,0.0
yolo_model.model.10.m.0.attn.proj.conv,101,0.0
yolo_model.model.10.m.0.attn.proj.conv,102,0.0
yolo_model.model.10.m.0.attn.proj.conv,103,0.0
yolo_model.model.10.m.0.attn.proj.conv,104,0.0
yolo_model.model.10.m.0.attn.proj.conv,105,0.0
yolo_model.model.10.m.0.attn.proj.conv,106,0.0
yolo_model.model.10.m.0.attn.proj.conv,107,0.0
yolo_model.model.10.m.0.attn.proj.conv,108,0.0
yolo_model.model.10.m.0.attn.proj.conv,109,0.0
yolo_model.model.10.m.0.attn.proj.conv,110,0.0
yolo_model.model.10.m.0.attn.proj.conv,111,0.0
yolo_model.model.10.m.0.attn.proj.conv,112,0.0
yolo_model.model.10.m.0.attn.proj.conv,113,0.0
yolo_model.model.10.m.0.attn.proj.conv,114,0.0
yolo_model.model.10.m.0.attn.proj.conv,115,0.0
yolo_model.model.10.m.0.attn.proj.conv,116,0.0
yolo_model.model.10.m.0.attn.proj.conv,117,0.0
yolo_model.model.10.m.0.attn.proj.conv,118,0.0
yolo_model.model.10.m.0.attn.proj.conv,119,0.0
yolo_model.model.10.m.0.attn.proj.conv,120,0.0
yolo_model.model.10.m.0.attn.proj.conv,121,0.0
yolo_model.model.10.m.0.attn.proj.conv,122,0.0
yolo_model.model.10.m.0.attn.proj.conv,123,0.0
yolo_model.model.10.m.0.attn.proj.conv,124,0.0
yolo_model.model.10.m.0.attn.proj.conv,125,0.0
yolo_model.model.10.m.0.attn.proj.conv,126,0.0
yolo_model.model.10.m.0.attn.proj.conv,127,0.0
yolo_model.model.10.m.0.attn.qkv.conv,0,0.0
yolo_model.model.10.m.0.attn.qkv.conv,1,0.0
yolo_model.model.10.m.0.attn.qkv.conv,2,0.0
yolo_model.model.10.m.0.attn.qkv.conv,3,0.0
yolo_model.model.10.m.0.attn.qkv.conv,4,0.0
yolo_model.model.10.m.0.attn.qkv.conv,5,0.0
yolo_model.model.10.m.0.attn.qkv.conv,6,0.0
yolo_model.model.10.m.0.attn.qkv.conv,7,0.0
yolo_model.model.10.m.0.attn.qkv.conv,8,0.0
yolo_model.model.10.m.0.attn.qkv.conv,9,0.0
yolo_model.model.10.m.0.attn.qkv.conv,10,0.0
yolo_model.model.10.m.0.attn.qkv.conv,11,0.0
yolo_model.model.10.m.0.attn.qkv.conv,12,0.0
yolo_model.model.10.m.0.attn.qkv.conv,13,0.0
yolo_model.model.10.m.0.attn.qkv.conv,14,0.0
yolo_model.model.10.m.0.attn.qkv.conv,15,0.0
yolo_model.model.10.m.0.attn.qkv.conv,16,0.0
yolo_model.model.10.m.0.attn.qkv.conv,17,0.0
yolo_model.model.10.m.0.attn.qkv.conv,18,0.0
yolo_model.model.10.m.0.attn.qkv.conv,19,0.0
yolo_model.model.10.m.0.attn.qkv.conv,20,0.0
yolo_model.model.10.m.0.attn.qkv.conv,21,0.0
yolo_model.model.10.m.0.attn.qkv.conv,22,0.0
yolo_model.model.10.m.0.attn.qkv.conv,23,0.0
yolo_model.model.10.m.0.attn.qkv.conv,24,0.0
yolo_model.model.10.m.0.attn.qkv.conv,25,0.0
yolo_model.model.10.m.0.attn.qkv.conv,26,0.0
yolo_model.model.10.m.0.attn.qkv.conv,27,0.0
yolo_model.model.10.m.0.attn.qkv.conv,28,0.0
yolo_model.model.10.m.0.attn.qkv.conv,29,0.0
yolo_model.model.10.m.0.attn.qkv.conv,30,0.0
yolo_model.model.10.m.0.attn.qkv.conv,31,0.0
yolo_model.model.10.m.0.attn.qkv.conv,32,0.0
yolo_model.model.10.m.0.attn.qkv.conv,33,0.0
yolo_model.model.10.m.0.attn.qkv.conv,34,0.0
yolo_model.model.10.m.0.attn.qkv.conv,35,0.0
yolo_model.model.10.m.0.attn.qkv.conv,36,0.0
yolo_model.model.10.m.0.attn.qkv.conv,37,0.0
yolo_model.model.10.m.0.attn.qkv.conv,38,0.0
yolo_model.model.10.m.0.attn.qkv.conv,39,0.0
yolo_model.model.10.m.0.attn.qkv.conv,40,0.0
yolo_model.model.10.m.0.attn.qkv.conv,41,0.0
yolo_model.model.10.m.0.attn.qkv.conv,42,0.0
yolo_model.model.10.m.0.attn.qkv.conv,43,0.0
yolo_model.model.10.m.0.attn.qkv.conv,44,0.0
yolo_model.model.10.m.0.attn.qkv.conv,45,0.0
yolo_model.model.10.m.0.attn.qkv.conv,46,0.0
yolo_model.model.10.m.0.attn.qkv.conv,47,0.0
yolo_model.model.10.m.0.attn.qkv.conv,48,0.0
yolo_model.model.10.m.0.attn.qkv.conv,49,89.0
yolo_model.model.10.m.0.attn.qkv.conv,50,0.0
yolo_model.model.10.m.0.attn.qkv.conv,51,0.0
yolo_model.model.10.m.0.attn.qkv.conv,52,0.0
yolo_model.model.10.m.0.attn.qkv.conv,53,0.0
yolo_model.model.10.m.0.attn.qkv.conv,54,0.0
yolo_model.model.10.m.0.attn.qkv.conv,55,0.0
yolo_model.model.10.m.0.attn.qkv.conv,56,0.0
yolo_model.model.10.m.0.attn.qkv.conv,57,0.0
yolo_model.model.10.m.0.attn.qkv.conv,58,0.0
yolo_model.model.10.m.0.attn.qkv.conv,59,0.0
yolo_model.model.10.m.0.attn.qkv.conv,60,0.0
yolo_model.model.10.m.0.attn.qkv.conv,61,0.0
yolo_model.model.10.m.0.attn.qkv.conv,62,0.0
yolo_model.model.10.m.0.attn.qkv.conv,63,0.0
yolo_model.model.10.m.0.attn.qkv.conv,64,0.0
yolo_model.model.10.m.0.attn.qkv.conv,65,0.0
yolo_model.model.10.m.0.attn.qkv.conv,66,0.0
yolo_model.model.10.m.0.attn.qkv.conv,67,0.0
yolo_model.model.10.m.0.attn.qkv.conv,68,0.0
yolo_model.model.10.m.0.attn.qkv.conv,69,0.0
yolo_model.model.10.m.0.attn.qkv.conv,70,0.0
yolo_model.model.10.m.0.attn.qkv.conv,71,0.0
yolo_model.model.10.m.0.attn.qkv.conv,72,0.0
yolo_model.model.10.m.0.attn.qkv.conv,73,0.0
yolo_model.model.10.m.0.attn.qkv.conv,74,0.0
yolo_model.model.10.m.0.attn.qkv.conv,75,0.0
yolo_model.model.10.m.0.attn.qkv.conv,76,0.0
yolo_model.model.10.m.0.attn.qkv.conv,77,0.0
yolo_model.model.10.m.0.attn.qkv.conv,78,0.0
yolo_model.model.10.m.0.attn.qkv.conv,79,0.0
yolo_model.model.10.m.0.attn.qkv.conv,80,0.0
yolo_model.model.10.m.0.attn.qkv.conv,81,0.0
yolo_model.model.10.m.0.attn.qkv.conv,82,0.0
yolo_model.model.10.m.0.attn.qkv.conv,83,0.0
yolo_model.model.10.m.0.attn.qkv.conv,84,0.0
yolo_model.model.10.m.0.attn.qkv.conv,85,0.0
yolo_model.model.10.m.0.attn.qkv.conv,86,0.0
yolo_model.model.10.m.0.attn.qkv.conv,87,0.0
yolo_model.model.10.m.0.attn.qkv.conv,88,0.0
yolo_model.model.10.m.0.attn.qkv.conv,89,0.0
yolo_model.model.10.m.0.attn.qkv.conv,90,0.0
yolo_model.model.10.m.0.attn.qkv.conv,91,0.0
yolo_model.model.10.m.0.attn.qkv.conv,92,0.0
yolo_model.model.10.m.0.attn.qkv.conv,93,0.0
yolo_model.model.10.m.0.attn.qkv.conv,94,0.0
yolo_model.model.10.m.0.attn.qkv.conv,95,0.0
yolo_model.model.10.m.0.attn.qkv.conv,96,0.0
yolo_model.model.10.m.0.attn.qkv.conv,97,0.0
yolo_model.model.10.m.0.attn.qkv.conv,98,0.0
yolo_model.model.10.m.0.attn.qkv.conv,99,0.0
yolo_model.model.10.m.0.attn.qkv.conv,100,0.0
yolo_model.model.10.m.0.attn.qkv.conv,101,0.0
yolo_model.model.10.m.0.attn.qkv.conv,102,0.0
yolo_model.model.10.m.0.attn.qkv.conv,103,0.0
yolo_model.model.10.m.0.attn.qkv.conv,104,0.0
yolo_model.model.10.m.0.attn.qkv.conv,105,0.0
yolo_model.model.10.m.0.attn.qkv.conv,106,0.0
yolo_model.model.10.m.0.attn.qkv.conv,107,0.0
yolo_model.model.10.m.0.attn.qkv.conv,108,0.0
yolo_model.model.10.m.0.attn.qkv.conv,109,0.0
yolo_model.model.10.m.0.attn.qkv.conv,110,0.0
yolo_model.model.10.m.0.attn.qkv.conv,111,0.0
yolo_model.model.10.m.0.attn.qkv.conv,112,0.0
yolo_model.model.10.m.0.attn.qkv.conv,113,0.0
yolo_model.model.10.m.0.attn.qkv.conv,114,0.0
yolo_model.model.10.m.0.attn.qkv.conv,115,0.0
yolo_model.model.10.m.0.attn.qkv.conv,116,0.0
yolo_model.model.10.m.0.attn.qkv.conv,117,0.0
yolo_model.model.10.m.0.attn.qkv.conv,118,0.0
yolo_model.model.10.m.0.attn.qkv.conv,119,0.0
yolo_model.model.10.m.0.attn.qkv.conv,120,0.0
yolo_model.model.10.m.0.attn.qkv.conv,121,0.0
yolo_model.model.10.m.0.attn.qkv.conv,122,0.0
yolo_model.model.10.m.0.attn.qkv.conv,123,0.0
yolo_model.model.10.m.0.attn.qkv.conv,124,0.0
yolo_model.model.10.m.0.attn.qkv.conv,125,0.0
yolo_model.model.10.m.0.attn.qkv.conv,126,0.0
yolo_model.model.10.m.0.attn.qkv.conv,127,0.0
yolo_model.model.10.m.0.attn.qkv.conv,128,0.0
yolo_model.model.10.m.0.attn.qkv.conv,129,0.0
yolo_model.model.10.m.0.attn.qkv.conv,130,0.0
yolo_model.model.10.m.0.attn.qkv.conv,131,0.0
yolo_model.model.10.m.0.attn.qkv.conv,132,0.0
yolo_model.model.10.m.0.attn.qkv.conv,133,0.0
yolo_model.model.10.m.0.attn.qkv.conv,134,0.0
yolo_model.model.10.m.0.attn.qkv.conv,135,0.0
yolo_model.model.10.m.0.attn.qkv.conv,136,0.0
yolo_model.model.10.m.0.attn.qkv.conv,137,0.0
yolo_model.model.10.m.0.attn.qkv.conv,138,0.0
yolo_model.model.10.m.0.attn.qkv.conv,139,0.0
yolo_model.model.10.m.0.attn.qkv.conv,140,0.0
yolo_model.model.10.m.0.attn.qkv.conv,141,0.0
yolo_model.model.10.m.0.attn.qkv.conv,142,0.0
yolo_model.model.10.m.0.attn.qkv.conv,143,0.0
yolo_model.model.10.m.0.attn.qkv.conv,144,0.0
yolo_model.model.10.m.0.attn.qkv.conv,145,0.0
yolo_model.model.10.m.0.attn.qkv.conv,146,0.0
yolo_model.model.10.m.0.attn.qkv.conv,147,0.0
yolo_model.model.10.m.0.attn.qkv.conv,148,0.0
yolo_model.model.10.m.0.attn.qkv.conv,149,0.0
yolo_model.model.10.m.0.attn.qkv.conv,150,0.0
yolo_model.model.10.m.0.attn.qkv.conv,151,0.0
yolo_model.model.10.m.0.attn.qkv.conv,152,0.0
yolo_model.model.10.m.0.attn.qkv.conv,153,0.0
yolo_model.model.10.m.0.attn.qkv.conv,154,0.0
yolo_model.model.10.m.0.attn.qkv.conv,155,0.0
yolo_model.model.10.m.0.attn.qkv.conv,156,0.0
yolo_model.model.10.m.0.attn.qkv.conv,157,0.0
yolo_model.model.10.m.0.attn.qkv.conv,158,0.0
yolo_model.model.10.m.0.attn.qkv.conv,159,0.0
yolo_model.model.10.m.0.attn.qkv.conv,160,0.0
yolo_model.model.10.m.0.attn.qkv.conv,161,0.0
yolo_model.model.10.m.0.attn.qkv.conv,162,0.0
yolo_model.model.10.m.0.attn.qkv.conv,163,0.0
yolo_model.model.10.m.0.attn.qkv.conv,164,0.0
yolo_model.model.10.m.0.attn.qkv.conv,165,0.0
yolo_model.model.10.m.0.attn.qkv.conv,166,0.0
yolo_model.model.10.m.0.attn.qkv.conv,167,0.0
yolo_model.model.10.m.0.attn.qkv.conv,168,0.0
yolo_model.model.10.m.0.attn.qkv.conv,169,0.0
yolo_model.model.10.m.0.attn.qkv.conv,170,0.0
yolo_model.model.10.m.0.attn.qkv.conv,171,0.0
yolo_model.model.10.m.0.attn.qkv.conv,172,0.0
yolo_model.model.10.m.0.attn.qkv.conv,173,0.0
yolo_model.model.10.m.0.attn.qkv.conv,174,0.0
yolo_model.model.10.m.0.attn.qkv.conv,175,0.0
yolo_model.model.10.m.0.attn.qkv.conv,176,0.0
yolo_model.model.10.m.0.attn.qkv.conv,177,0.0
yolo_model.model.10.m.0.attn.qkv.conv,178,0.0
yolo_model.model.10.m.0.attn.qkv.conv,179,0.0
yolo_model.model.10.m.0.attn.qkv.conv,180,0.0
yolo_model.model.10.m.0.attn.qkv.conv,181,0.0
yolo_model.model.10.m.0.attn.qkv.conv,182,0.0
yolo_model.model.10.m.0.attn.qkv.conv,183,0.0
yolo_model.model.10.m.0.attn.qkv.conv,184,0.0
yolo_model.model.10.m.0.attn.qkv.conv,185,0.0
yolo_model.model.10.m.0.attn.qkv.conv,186,0.0
yolo_model.model.10.m.0.attn.qkv.conv,187,0.0
yolo_model.model.10.m.0.attn.qkv.conv,188,0.0
yolo_model.model.10.m.0.attn.qkv.conv,189,0.0
yolo_model.model.10.m.0.attn.qkv.conv,190,0.0
yolo_model.model.10.m.0.attn.qkv.conv,191,0.0
yolo_model.model.10.m.0.attn.qkv.conv,192,0.0
yolo_model.model.10.m.0.attn.qkv.conv,193,0.0
yolo_model.model.10.m.0.attn.qkv.conv,194,0.0
yolo_model.model.10.m.0.attn.qkv.conv,195,0.0
yolo_model.model.10.m.0.attn.qkv.conv,196,0.0
yolo_model.model.10.m.0.attn.qkv.conv,197,0.0
yolo_model.model.10.m.0.attn.qkv.conv,198,0.0
yolo_model.model.10.m.0.attn.qkv.conv,199,0.0
yolo_model.model.10.m.0.attn.qkv.conv,200,0.0
yolo_model.model.10.m.0.attn.qkv.conv,201,0.0
yolo_model.model.10.m.0.attn.qkv.conv,202,0.0
yolo_model.model.10.m.0.attn.qkv.conv,203,0.0
yolo_model.model.10.m.0.attn.qkv.conv,204,0.0
yolo_model.model.10.m.0.attn.qkv.conv,205,0.0
yolo_model.model.10.m.0.attn.qkv.conv,206,0.0
yolo_model.model.10.m.0.attn.qkv.conv,207,1.0
yolo_model.model.10.m.0.attn.qkv.conv,208,0.0
yolo_model.model.10.m.0.attn.qkv.conv,209,0.0
yolo_model.model.10.m.0.attn.qkv.conv,210,0.0
yolo_model.model.10.m.0.attn.qkv.conv,211,0.0
yolo_model.model.10.m.0.attn.qkv.conv,212,0.0
yolo_model.model.10.m.0.attn.qkv.conv,213,0.0
yolo_model.model.10.m.0.attn.qkv.conv,214,0.0
yolo_model.model.10.m.0.attn.qkv.conv,215,0.0
yolo_model.model.10.m.0.attn.qkv.conv,216,0.0
yolo_model.model.10.m.0.attn.qkv.conv,217,0.0
yolo_model.model.10.m.0.attn.qkv.conv,218,0.0
yolo_model.model.10.m.0.attn.qkv.conv,219,0.0
yolo_model.model.10.m.0.attn.qkv.conv,220,0.0
yolo_model.model.10.m.0.attn.qkv.conv,221,0.0
yolo_model.model.10.m.0.attn.qkv.conv,222,0.0
yolo_model.model.10.m.0.attn.qkv.conv,223,0.0
yolo_model.model.10.m.0.attn.qkv.conv,224,0.0
yolo_model.model.10.m.0.attn.qkv.conv,225,0.0
yolo_model.model.10.m.0.attn.qkv.conv,226,0.0
yolo_model.model.10.m.0.attn.qkv.conv,227,0.0
yolo_model.model.10.m.0.attn.qkv.conv,228,0.0
yolo_model.model.10.m.0.attn.qkv.conv,229,0.0
yolo_model.model.10.m.0.attn.qkv.conv,230,0.0
yolo_model.model.10.m.0.attn.qkv.conv,231,0.0
yolo_model.model.10.m.0.attn.qkv.conv,232,0.0
yolo_model.model.10.m.0.attn.qkv.conv,233,0.0
yolo_model.model.10.m.0.attn.qkv.conv,234,0.0
yolo_model.model.10.m.0.attn.qkv.conv,235,0.0
yolo_model.model.10.m.0.attn.qkv.conv,236,0.0
yolo_model.model.10.m.0.attn.qkv.conv,237,0.0
yolo_model.model.10.m.0.attn.qkv.conv,238,0.0
yolo_model.model.10.m.0.attn.qkv.conv,239,7.0
yolo_model.model.10.m.0.attn.qkv.conv,240,0.0
yolo_model.model.10.m.0.attn.qkv.conv,241,0.0
yolo_model.model.10.m.0.attn.qkv.conv,242,0.0
yolo_model.model.10.m.0.attn.qkv.conv,243,0.0
yolo_model.model.10.m.0.attn.qkv.conv,244,0.0
yolo_model.model.10.m.0.attn.qkv.conv,245,0.0
yolo_model.model.10.m.0.attn.qkv.conv,246,0.0
yolo_model.model.10.m.0.attn.qkv.conv,247,0.0
yolo_model.model.10.m.0.attn.qkv.conv,248,0.0
yolo_model.model.10.m.0.attn.qkv.conv,249,0.0
yolo_model.model.10.m.0.attn.qkv.conv,250,0.0
yolo_model.model.10.m.0.attn.qkv.conv,251,0.0
yolo_model.model.10.m.0.attn.qkv.conv,252,0.0
yolo_model.model.10.m.0.attn.qkv.conv,253,0.0
yolo_model.model.10.m.0.attn.qkv.conv,254,0.0
yolo_model.model.10.m.0.attn.qkv.conv,255,0.0
yolo_model.model.10.m.0.ffn.0.conv,0,0.0
yolo_model.model.10.m.0.ffn.0.conv,1,0.0
yolo_model.model.10.m.0.ffn.0.conv,2,0.0
yolo_model.model.10.m.0.ffn.0.conv,3,0.0
yolo_model.model.10.m.0.ffn.0.conv,4,0.0
yolo_model.model.10.m.0.ffn.0.conv,5,0.0
yolo_model.model.10.m.0.ffn.0.conv,6,0.0
yolo_model.model.10.m.0.ffn.0.conv,7,0.0
yolo_model.model.10.m.0.ffn.0.conv,8,0.0
yolo_model.model.10.m.0.ffn.0.conv,9,0.0
yolo_model.model.10.m.0.ffn.0.conv,10,0.0
yolo_model.model.10.m.0.ffn.0.conv,11,0.0
yolo_model.model.10.m.0.ffn.0.conv,12,0.0
yolo_model.model.10.m.0.ffn.0.conv,13,0.0
yolo_model.model.10.m.0.ffn.0.conv,14,0.0
yolo_model.model.10.m.0.ffn.0.conv,15,0.0
yolo_model.model.10.m.0.ffn.0.conv,16,0.0
yolo_model.model.10.m.0.ffn.0.conv,17,0.0
yolo_model.model.10.m.0.ffn.0.conv,18,0.0
yolo_model.model.10.m.0.ffn.0.conv,19,0.0
yolo_model.model.10.m.0.ffn.0.conv,20,0.0
yolo_model.model.10.m.0.ffn.0.conv,21,0.0
yolo_model.model.10.m.0.ffn.0.conv,22,0.0
yolo_model.model.10.m.0.ffn.0.conv,23,0.0
yolo_model.model.10.m.0.ffn.0.conv,24,0.0
yolo_model.model.10.m.0.ffn.0.conv,25,0.0
yolo_model.model.10.m.0.ffn.0.conv,26,0.0
yolo_model.model.10.m.0.ffn.0.conv,27,0.0
yolo_model.model.10.m.0.ffn.0.conv,28,0.0
yolo_model.model.10.m.0.ffn.0.conv,29,0.0
yolo_model.model.10.m.0.ffn.0.conv,30,0.0
yolo_model.model.10.m.0.ffn.0.conv,31,0.0
yolo_model.model.10.m.0.ffn.0.conv,32,0.0
yolo_model.model.10.m.0.ffn.0.conv,33,0.0
yolo_model.model.10.m.0.ffn.0.conv,34,0.0
yolo_model.model.10.m.0.ffn.0.conv,35,0.0
yolo_model.model.10.m.0.ffn.0.conv,36,12.0
yolo_model.model.10.m.0.ffn.0.conv,37,0.0
yolo_model.model.10.m.0.ffn.0.conv,38,0.0
yolo_model.model.10.m.0.ffn.0.conv,39,0.0
yolo_model.model.10.m.0.ffn.0.conv,40,0.0
yolo_model.model.10.m.0.ffn.0.conv,41,0.0
yolo_model.model.10.m.0.ffn.0.conv,42,0.0
yolo_model.model.10.m.0.ffn.0.conv,43,0.0
yolo_model.model.10.m.0.ffn.0.conv,44,0.0
yolo_model.model.10.m.0.ffn.0.conv,45,0.0
yolo_model.model.10.m.0.ffn.0.conv,46,0.0
yolo_model.model.10.m.0.ffn.0.conv,47,0.0
yolo_model.model.10.m.0.ffn.0.conv,48,0.0
yolo_model.model.10.m.0.ffn.0.conv,49,0.0
yolo_model.model.10.m.0.ffn.0.conv,50,0.0
yolo_model.model.10.m.0.ffn.0.conv,51,0.0
yolo_model.model.10.m.0.ffn.0.conv,52,0.0
yolo_model.model.10.m.0.ffn.0.conv,53,0.0
yolo_model.model.10.m.0.ffn.0.conv,54,0.0
yolo_model.model.10.m.0.ffn.0.conv,55,0.0
yolo_model.model.10.m.0.ffn.0.conv,56,0.0
yolo_model.model.10.m.0.ffn.0.conv,57,27.0
yolo_model.model.10.m.0.ffn.0.conv,58,0.0
yolo_model.model.10.m.0.ffn.0.conv,59,0.0
yolo_model.model.10.m.0.ffn.0.conv,60,0.0
yolo_model.model.10.m.0.ffn.0.conv,61,0.0
yolo_model.model.10.m.0.ffn.0.conv,62,0.0
yolo_model.model.10.m.0.ffn.0.conv,63,29.0
yolo_model.model.10.m.0.ffn.0.conv,64,0.0
yolo_model.model.10.m.0.ffn.0.conv,65,0.0
yolo_model.model.10.m.0.ffn.0.conv,66,0.0
yolo_model.model.10.m.0.ffn.0.conv,67,0.0
yolo_model.model.10.m.0.ffn.0.conv,68,0.0
yolo_model.model.10.m.0.ffn.0.conv,69,0.0
yolo_model.model.10.m.0.ffn.0.conv,70,0.0
yolo_model.model.10.m.0.ffn.0.conv,71,0.0
yolo_model.model.10.m.0.ffn.0.conv,72,0.0
yolo_model.model.10.m.0.ffn.0.conv,73,0.0
yolo_model.model.10.m.0.ffn.0.conv,74,0.0
yolo_model.model.10.m.0.ffn.0.conv,75,0.0
yolo_model.model.10.m.0.ffn.0.conv,76,0.0
yolo_model.model.10.m.0.ffn.0.conv,77,0.0
yolo_model.model.10.m.0.ffn.0.conv,78,0.0
yolo_model.model.10.m.0.ffn.0.conv,79,0.0
yolo_model.model.10.m.0.ffn.0.conv,80,0.0
yolo_model.model.10.m.0.ffn.0.conv,81,0.0
yolo_model.model.10.m.0.ffn.0.conv,82,0.0
yolo_model.model.10.m.0.ffn.0.conv,83,0.0
yolo_model.model.10.m.0.ffn.0.conv,84,7.0
yolo_model.model.10.m.0.ffn.0.conv,85,0.0
yolo_model.model.10.m.0.ffn.0.conv,86,0.0
yolo_model.model.10.m.0.ffn.0.conv,87,0.0
yolo_model.model.10.m.0.ffn.0.conv,88,0.0
yolo_model.model.10.m.0.ffn.0.conv,89,0.0
yolo_model.model.10.m.0.ffn.0.conv,90,0.0
yolo_model.model.10.m.0.ffn.0.conv,91,0.0
yolo_model.model.10.m.0.ffn.0.conv,92,0.0
yolo_model.model.10.m.0.ffn.0.conv,93,0.0
yolo_model.model.10.m.0.ffn.0.conv,94,0.0
yolo_model.model.10.m.0.ffn.0.conv,95,0.0
yolo_model.model.10.m.0.ffn.0.conv,96,0.0
yolo_model.model.10.m.0.ffn.0.conv,97,35.0
yolo_model.model.10.m.0.ffn.0.conv,98,0.0
yolo_model.model.10.m.0.ffn.0.conv,99,0.0
yolo_model.model.10.m.0.ffn.0.conv,100,0.0
yolo_model.model.10.m.0.ffn.0.conv,101,0.0
yolo_model.model.10.m.0.ffn.0.conv,102,0.0
yolo_model.model.10.m.0.ffn.0.conv,103,0.0
yolo_model.model.10.m.0.ffn.0.conv,104,0.0
yolo_model.model.10.m.0.ffn.0.conv,105,0.0
yolo_model.model.10.m.0.ffn.0.conv,106,0.0
yolo_model.model.10.m.0.ffn.0.conv,107,0.0
yolo_model.model.10.m.0.ffn.0.conv,108,0.0
yolo_model.model.10.m.0.ffn.0.conv,109,0.0
yolo_model.model.10.m.0.ffn.0.conv,110,0.0
yolo_model.model.10.m.0.ffn.0.conv,111,0.0
yolo_model.model.10.m.0.ffn.0.conv,112,0.0
yolo_model.model.10.m.0.ffn.0.conv,113,14.0
yolo_model.model.10.m.0.ffn.0.conv,114,0.0
yolo_model.model.10.m.0.ffn.0.conv,115,0.0
yolo_model.model.10.m.0.ffn.0.conv,116,0.0
yolo_model.model.10.m.0.ffn.0.conv,117,0.0
yolo_model.model.10.m.0.ffn.0.conv,118,0.0
yolo_model.model.10.m.0.ffn.0.conv,119,0.0
yolo_model.model.10.m.0.ffn.0.conv,120,0.0
yolo_model.model.10.m.0.ffn.0.conv,121,0.0
yolo_model.model.10.m.0.ffn.0.conv,122,0.0
yolo_model.model.10.m.0.ffn.0.conv,123,2.0
yolo_model.model.10.m.0.ffn.0.conv,124,0.0
yolo_model.model.10.m.0.ffn.0.conv,125,0.0
yolo_model.model.10.m.0.ffn.0.conv,126,0.0
yolo_model.model.10.m.0.ffn.0.conv,127,0.0
yolo_model.model.10.m.0.ffn.0.conv,128,0.0
yolo_model.model.10.m.0.ffn.0.conv,129,57.0
yolo_model.model.10.m.0.ffn.0.conv,130,0.0
yolo_model.model.10.m.0.ffn.0.conv,131,0.0
yolo_model.model.10.m.0.ffn.0.conv,132,0.0
yolo_model.model.10.m.0.ffn.0.conv,133,0.0
yolo_model.model.10.m.0.ffn.0.conv,134,0.0
yolo_model.model.10.m.0.ffn.0.conv,135,0.0
yolo_model.model.10.m.0.ffn.0.conv,136,9.0
yolo_model.model.10.m.0.ffn.0.conv,137,0.0
yolo_model.model.10.m.0.ffn.0.conv,138,0.0
yolo_model.model.10.m.0.ffn.0.conv,139,0.0
yolo_model.model.10.m.0.ffn.0.conv,140,0.0
yolo_model.model.10.m.0.ffn.0.conv,141,0.0
yolo_model.model.10.m.0.ffn.0.conv,142,0.0
yolo_model.model.10.m.0.ffn.0.conv,143,0.0
yolo_model.model.10.m.0.ffn.0.conv,144,0.0
yolo_model.model.10.m.0.ffn.0.conv,145,0.0
yolo_model.model.10.m.0.ffn.0.conv,146,0.0
yolo_model.model.10.m.0.ffn.0.conv,147,1.0
yolo_model.model.10.m.0.ffn.0.conv,148,0.0
yolo_model.model.10.m.0.ffn.0.conv,149,0.0
yolo_model.model.10.m.0.ffn.0.conv,150,0.0
yolo_model.model.10.m.0.ffn.0.conv,151,0.0
yolo_model.model.10.m.0.ffn.0.conv,152,0.0
yolo_model.model.10.m.0.ffn.0.conv,153,0.0
yolo_model.model.10.m.0.ffn.0.conv,154,0.0
yolo_model.model.10.m.0.ffn.0.conv,155,0.0
yolo_model.model.10.m.0.ffn.0.conv,156,0.0
yolo_model.model.10.m.0.ffn.0.conv,157,0.0
yolo_model.model.10.m.0.ffn.0.conv,158,0.0
yolo_model.model.10.m.0.ffn.0.conv,159,0.0
yolo_model.model.10.m.0.ffn.0.conv,160,0.0
yolo_model.model.10.m.0.ffn.0.conv,161,0.0
yolo_model.model.10.m.0.ffn.0.conv,162,0.0
yolo_model.model.10.m.0.ffn.0.conv,163,0.0
yolo_model.model.10.m.0.ffn.0.conv,164,0.0
yolo_model.model.10.m.0.ffn.0.conv,165,0.0
yolo_model.model.10.m.0.ffn.0.conv,166,0.0
yolo_model.model.10.m.0.ffn.0.conv,167,0.0
yolo_model.model.10.m.0.ffn.0.conv,168,0.0
yolo_model.model.10.m.0.ffn.0.conv,169,0.0
yolo_model.model.10.m.0.ffn.0.conv,170,0.0
yolo_model.model.10.m.0.ffn.0.conv,171,54.0
yolo_model.model.10.m.0.ffn.0.conv,172,0.0
yolo_model.model.10.m.0.ffn.0.conv,173,0.0
yolo_model.model.10.m.0.ffn.0.conv,174,0.0
yolo_model.model.10.m.0.ffn.0.conv,175,0.0
yolo_model.model.10.m.0.ffn.0.conv,176,0.0
yolo_model.model.10.m.0.ffn.0.conv,177,0.0
yolo_model.model.10.m.0.ffn.0.conv,178,0.0
yolo_model.model.10.m.0.ffn.0.conv,179,0.0
yolo_model.model.10.m.0.ffn.0.conv,180,0.0
yolo_model.model.10.m.0.ffn.0.conv,181,0.0
yolo_model.model.10.m.0.ffn.0.conv,182,0.0
yolo_model.model.10.m.0.ffn.0.conv,183,0.0
yolo_model.model.10.m.0.ffn.0.conv,184,0.0
yolo_model.model.10.m.0.ffn.0.conv,185,0.0
yolo_model.model.10.m.0.ffn.0.conv,186,48.0
yolo_model.model.10.m.0.ffn.0.conv,187,0.0
yolo_model.model.10.m.0.ffn.0.conv,188,0.0
yolo_model.model.10.m.0.ffn.0.conv,189,0.0
yolo_model.model.10.m.0.ffn.0.conv,190,0.0
yolo_model.model.10.m.0.ffn.0.conv,191,0.0
yolo_model.model.10.m.0.ffn.0.conv,192,0.0
yolo_model.model.10.m.0.ffn.0.conv,193,0.0
yolo_model.model.10.m.0.ffn.0.conv,194,0.0
yolo_model.model.10.m.0.ffn.0.conv,195,0.0
yolo_model.model.10.m.0.ffn.0.conv,196,0.0
yolo_model.model.10.m.0.ffn.0.conv,197,0.0
yolo_model.model.10.m.0.ffn.0.conv,198,0.0
yolo_model.model.10.m.0.ffn.0.conv,199,0.0
yolo_model.model.10.m.0.ffn.0.conv,200,0.0
yolo_model.model.10.m.0.ffn.0.conv,201,0.0
yolo_model.model.10.m.0.ffn.0.conv,202,0.0
yolo_model.model.10.m.0.ffn.0.conv,203,1333.0
yolo_model.model.10.m.0.ffn.0.conv,204,0.0
yolo_model.model.10.m.0.ffn.0.conv,205,468.0
yolo_model.model.10.m.0.ffn.0.conv,206,0.0
yolo_model.model.10.m.0.ffn.0.conv,207,18.0
yolo_model.model.10.m.0.ffn.0.conv,208,0.0
yolo_model.model.10.m.0.ffn.0.conv,209,0.0
yolo_model.model.10.m.0.ffn.0.conv,210,0.0
yolo_model.model.10.m.0.ffn.0.conv,211,0.0
yolo_model.model.10.m.0.ffn.0.conv,212,0.0
yolo_model.model.10.m.0.ffn.0.conv,213,0.0
yolo_model.model.10.m.0.ffn.0.conv,214,0.0
yolo_model.model.10.m.0.ffn.0.conv,215,0.0
yolo_model.model.10.m.0.ffn.0.conv,216,0.0
yolo_model.model.10.m.0.ffn.0.conv,217,0.0
yolo_model.model.10.m.0.ffn.0.conv,218,0.0
yolo_model.model.10.m.0.ffn.0.conv,219,0.0
yolo_model.model.10.m.0.ffn.0.conv,220,0.0
yolo_model.model.10.m.0.ffn.0.conv,221,0.0
yolo_model.model.10.m.0.ffn.0.conv,222,0.0
yolo_model.model.10.m.0.ffn.0.conv,223,0.0
yolo_model.model.10.m.0.ffn.0.conv,224,0.0
yolo_model.model.10.m.0.ffn.0.conv,225,0.0
yolo_model.model.10.m.0.ffn.0.conv,226,0.0
yolo_model.model.10.m.0.ffn.0.conv,227,0.0
yolo_model.model.10.m.0.ffn.0.conv,228,0.0
yolo_model.model.10.m.0.ffn.0.conv,229,0.0
yolo_model.model.10.m.0.ffn.0.conv,230,0.0
yolo_model.model.10.m.0.ffn.0.conv,231,0.0
yolo_model.model.10.m.0.ffn.0.conv,232,0.0
yolo_model.model.10.m.0.ffn.0.conv,233,0.0
yolo_model.model.10.m.0.ffn.0.conv,234,0.0
yolo_model.model.10.m.0.ffn.0.conv,235,0.0
yolo_model.model.10.m.0.ffn.0.conv,236,0.0
yolo_model.model.10.m.0.ffn.0.conv,237,0.0
yolo_model.model.10.m.0.ffn.0.conv,238,0.0
yolo_model.model.10.m.0.ffn.0.conv,239,0.0
yolo_model.model.10.m.0.ffn.0.conv,240,0.0
yolo_model.model.10.m.0.ffn.0.conv,241,0.0
yolo_model.model.10.m.0.ffn.0.conv,242,0.0
yolo_model.model.10.m.0.ffn.0.conv,243,0.0
yolo_model.model.10.m.0.ffn.0.conv,244,4.0
yolo_model.model.10.m.0.ffn.0.conv,245,0.0
yolo_model.model.10.m.0.ffn.0.conv,246,22.0
yolo_model.model.10.m.0.ffn.0.conv,247,0.0
yolo_model.model.10.m.0.ffn.0.conv,248,0.0
yolo_model.model.10.m.0.ffn.0.conv,249,0.0
yolo_model.model.10.m.0.ffn.0.conv,250,36.0
yolo_model.model.10.m.0.ffn.0.conv,251,0.0
yolo_model.model.10.m.0.ffn.0.conv,252,0.0
yolo_model.model.10.m.0.ffn.0.conv,253,0.0
yolo_model.model.10.m.0.ffn.0.conv,254,0.0
yolo_model.model.10.m.0.ffn.0.conv,255,0.0
yolo_model.model.10.m.0.ffn.1.conv,0,0.0
yolo_model.model.10.m.0.ffn.1.conv,1,0.0
yolo_model.model.10.m.0.ffn.1.conv,2,0.0
yolo_model.model.10.m.0.ffn.1.conv,3,0.0
yolo_model.model.10.m.0.ffn.1.conv,4,0.0
yolo_model.model.10.m.0.ffn.1.conv,5,0.0
yolo_model.model.10.m.0.ffn.1.conv,6,0.0
yolo_model.model.10.m.0.ffn.1.conv,7,0.0
yolo_model.model.10.m.0.ffn.1.conv,8,0.0
yolo_model.model.10.m.0.ffn.1.conv,9,0.0
yolo_model.model.10.m.0.ffn.1.conv,10,0.0
yolo_model.model.10.m.0.ffn.1.conv,11,0.0
yolo_model.model.10.m.0.ffn.1.conv,12,0.0
yolo_model.model.10.m.0.ffn.1.conv,13,0.0
yolo_model.model.10.m.0.ffn.1.conv,14,0.0
yolo_model.model.10.m.0.ffn.1.conv,15,0.0
yolo_model.model.10.m.0.ffn.1.conv,16,0.0
yolo_model.model.10.m.0.ffn.1.conv,17,0.0
yolo_model.model.10.m.0.ffn.1.conv,18,0.0
yolo_model.model.10.m.0.ffn.1.conv,19,0.0
yolo_model.model.10.m.0.ffn.1.conv,20,0.0
yolo_model.model.10.m.0.ffn.1.conv,21,0.0
yolo_model.model.10.m.0.ffn.1.conv,22,0.0
yolo_model.model.10.m.0.ffn.1.conv,23,0.0
yolo_model.model.10.m.0.ffn.1.conv,24,0.0
yolo_model.model.10.m.0.ffn.1.conv,25,0.0
yolo_model.model.10.m.0.ffn.1.conv,26,0.0
yolo_model.model.10.m.0.ffn.1.conv,27,0.0
yolo_model.model.10.m.0.ffn.1.conv,28,0.0
yolo_model.model.10.m.0.ffn.1.conv,29,0.0
yolo_model.model.10.m.0.ffn.1.conv,30,0.0
yolo_model.model.10.m.0.ffn.1.conv,31,0.0
yolo_model.model.10.m.0.ffn.1.conv,32,0.0
yolo_model.model.10.m.0.ffn.1.conv,33,0.0
yolo_model.model.10.m.0.ffn.1.conv,34,0.0
yolo_model.model.10.m.0.ffn.1.conv,35,0.0
yolo_model.model.10.m.0.ffn.1.conv,36,0.0
yolo_model.model.10.m.0.ffn.1.conv,37,0.0
yolo_model.model.10.m.0.ffn.1.conv,38,0.0
yolo_model.model.10.m.0.ffn.1.conv,39,0.0
yolo_model.model.10.m.0.ffn.1.conv,40,0.0
yolo_model.model.10.m.0.ffn.1.conv,41,0.0
yolo_model.model.10.m.0.ffn.1.conv,42,0.0
yolo_model.model.10.m.0.ffn.1.conv,43,0.0
yolo_model.model.10.m.0.ffn.1.conv,44,0.0
yolo_model.model.10.m.0.ffn.1.conv,45,0.0
yolo_model.model.10.m.0.ffn.1.conv,46,0.0
yolo_model.model.10.m.0.ffn.1.conv,47,0.0
yolo_model.model.10.m.0.ffn.1.conv,48,0.0
yolo_model.model.10.m.0.ffn.1.conv,49,0.0
yolo_model.model.10.m.0.ffn.1.conv,50,0.0
yolo_model.model.10.m.0.ffn.1.conv,51,0.0
yolo_model.model.10.m.0.ffn.1.conv,52,0.0
yolo_model.model.10.m.0.ffn.1.conv,53,0.0
yolo_model.model.10.m.0.ffn.1.conv,54,0.0
yolo_model.model.10.m.0.ffn.1.conv,55,0.0
yolo_model.model.10.m.0.ffn.1.conv,56,0.0
yolo_model.model.10.m.0.ffn.1.conv,57,0.0
yolo_model.model.10.m.0.ffn.1.conv,58,0.0
yolo_model.model.10.m.0.ffn.1.conv,59,0.0
yolo_model.model.10.m.0.ffn.1.conv,60,0.0
yolo_model.model.10.m.0.ffn.1.conv,61,0.0
yolo_model.model.10.m.0.ffn.1.conv,62,0.0
yolo_model.model.10.m.0.ffn.1.conv,63,0.0
yolo_model.model.10.m.0.ffn.1.conv,64,0.0
yolo_model.model.10.m.0.ffn.1.conv,65,0.0
yolo_model.model.10.m.0.ffn.1.conv,66,0.0
yolo_model.model.10.m.0.ffn.1.conv,67,0.0
yolo_model.model.10.m.0.ffn.1.conv,68,0.0
yolo_model.model.10.m.0.ffn.1.conv,69,0.0
yolo_model.model.10.m.0.ffn.1.conv,70,0.0
yolo_model.model.10.m.0.ffn.1.conv,71,0.0
yolo_model.model.10.m.0.ffn.1.conv,72,0.0
yolo_model.model.10.m.0.ffn.1.conv,73,0.0
yolo_model.model.10.m.0.ffn.1.conv,74,0.0
yolo_model.model.10.m.0.ffn.1.conv,75,0.0
yolo_model.model.10.m.0.ffn.1.conv,76,0.0
yolo_model.model.10.m.0.ffn.1.conv,77,0.0
yolo_model.model.10.m.0.ffn.1.conv,78,0.0
yolo_model.model.10.m.0.ffn.1.conv,79,0.0
yolo_model.model.10.m.0.ffn.1.conv,80,0.0
yolo_model.model.10.m.0.ffn.1.conv,81,0.0
yolo_model.model.10.m.0.ffn.1.conv,82,0.0
yolo_model.model.10.m.0.ffn.1.conv,83,0.0
yolo_model.model.10.m.0.ffn.1.conv,84,0.0
yolo_model.model.10.m.0.ffn.1.conv,85,0.0
yolo_model.model.10.m.0.ffn.1.conv,86,0.0
yolo_model.model.10.m.0.ffn.1.conv,87,0.0
yolo_model.model.10.m.0.ffn.1.conv,88,0.0
yolo_model.model.10.m.0.ffn.1.conv,89,0.0
yolo_model.model.10.m.0.ffn.1.conv,90,0.0
yolo_model.model.10.m.0.ffn.1.conv,91,0.0
yolo_model.model.10.m.0.ffn.1.conv,92,0.0
yolo_model.model.10.m.0.ffn.1.conv,93,0.0
yolo_model.model.10.m.0.ffn.1.conv,94,0.0
yolo_model.model.10.m.0.ffn.1.conv,95,0.0
yolo_model.model.10.m.0.ffn.1.conv,96,0.0
yolo_model.model.10.m.0.ffn.1.conv,97,0.0
yolo_model.model.10.m.0.ffn.1.conv,98,0.0
yolo_model.model.10.m.0.ffn.1.conv,99,0.0
yolo_model.model.10.m.0.ffn.1.conv,100,0.0
yolo_model.model.10.m.0.ffn.1.conv,101,0.0
yolo_model.model.10.m.0.ffn.1.conv,102,0.0
yolo_model.model.10.m.0.ffn.1.conv,103,0.0
yolo_model.model.10.m.0.ffn.1.conv,104,0.0
yolo_model.model.10.m.0.ffn.1.conv,105,0.0
yolo_model.model.10.m.0.ffn.1.conv,106,0.0
yolo_model.model.10.m.0.ffn.1.conv,107,0.0
yolo_model.model.10.m.0.ffn.1.conv,108,0.0
yolo_model.model.10.m.0.ffn.1.conv,109,0.0
yolo_model.model.10.m.0.ffn.1.conv,110,0.0
yolo_model.model.10.m.0.ffn.1.conv,111,0.0
yolo_model.model.10.m.0.ffn.1.conv,112,0.0
yolo_model.model.10.m.0.ffn.1.conv,113,0.0
yolo_model.model.10.m.0.ffn.1.conv,114,0.0
yolo_model.model.10.m.0.ffn.1.conv,115,0.0
yolo_model.model.10.m.0.ffn.1.conv,116,0.0
yolo_model.model.10.m.0.ffn.1.conv,117,0.0
yolo_model.model.10.m.0.ffn.1.conv,118,0.0
yolo_model.model.10.m.0.ffn.1.conv,119,0.0
yolo_model.model.10.m.0.ffn.1.conv,120,0.0
yolo_model.model.10.m.0.ffn.1.conv,121,0.0
yolo_model.model.10.m.0.ffn.1.conv,122,0.0
yolo_model.model.10.m.0.ffn.1.conv,123,0.0
yolo_model.model.10.m.0.ffn.1.conv,124,0.0
yolo_model.model.10.m.0.ffn.1.conv,125,0.0
yolo_model.model.10.m.0.ffn.1.conv,126,0.0
yolo_model.model.10.m.0.ffn.1.conv,127,0.0
yolo_model.model.13.cv1.conv,0,0.0
yolo_model.model.13.cv1.conv,1,0.0
yolo_model.model.13.cv1.conv,2,4.0
yolo_model.model.13.cv1.conv,3,0.0
yolo_model.model.13.cv1.conv,4,0.0
yolo_model.model.13.cv1.conv,5,3.0
yolo_model.model.13.cv1.conv,6,0.0
yolo_model.model.13.cv1.conv,7,0.0
yolo_model.model.13.cv1.conv,8,0.0
yolo_model.model.13.cv1.conv,9,0.0
yolo_model.model.13.cv1.conv,10,0.0
yolo_model.model.13.cv1.conv,11,0.0
yolo_model.model.13.cv1.conv,12,1533.0
yolo_model.model.13.cv1.conv,13,0.0
yolo_model.model.13.cv1.conv,14,0.0
yolo_model.model.13.cv1.conv,15,0.0
yolo_model.model.13.cv1.conv,16,0.0
yolo_model.model.13.cv1.conv,17,0.0
yolo_model.model.13.cv1.conv,18,22.0
yolo_model.model.13.cv1.conv,19,0.0
yolo_model.model.13.cv1.conv,20,0.0
yolo_model.model.13.cv1.conv,21,3.0
yolo_model.model.13.cv1.conv,22,0.0
yolo_model.model.13.cv1.conv,23,0.0
yolo_model.model.13.cv1.conv,24,0.0
yolo_model.model.13.cv1.conv,25,0.0
yolo_model.model.13.cv1.conv,26,0.0
yolo_model.model.13.cv1.conv,27,0.0
yolo_model.model.13.cv1.conv,28,17.0
yolo_model.model.13.cv1.conv,29,0.0
yolo_model.model.13.cv1.conv,30,0.0
yolo_model.model.13.cv1.conv,31,0.0
yolo_model.model.13.cv1.conv,32,0.0
yolo_model.model.13.cv1.conv,33,0.0
yolo_model.model.13.cv1.conv,34,0.0
yolo_model.model.13.cv1.conv,35,0.0
yolo_model.model.13.cv1.conv,36,0.0
yolo_model.model.13.cv1.conv,37,0.0
yolo_model.model.13.cv1.conv,38,0.0
yolo_model.model.13.cv1.conv,39,0.0
yolo_model.model.13.cv1.conv,40,0.0
yolo_model.model.13.cv1.conv,41,0.0
yolo_model.model.13.cv1.conv,42,0.0
yolo_model.model.13.cv1.conv,43,0.0
yolo_model.model.13.cv1.conv,44,0.0
yolo_model.model.13.cv1.conv,45,0.0
yolo_model.model.13.cv1.conv,46,8.0
yolo_model.model.13.cv1.conv,47,89.0
yolo_model.model.13.cv1.conv,48,0.0
yolo_model.model.13.cv1.conv,49,0.0
yolo_model.model.13.cv1.conv,50,0.0
yolo_model.model.13.cv1.conv,51,0.0
yolo_model.model.13.cv1.conv,52,0.0
yolo_model.model.13.cv1.conv,53,0.0
yolo_model.model.13.cv1.conv,54,0.0
yolo_model.model.13.cv1.conv,55,0.0
yolo_model.model.13.cv1.conv,56,0.0
yolo_model.model.13.cv1.conv,57,0.0
yolo_model.model.13.cv1.conv,58,0.0
yolo_model.model.13.cv1.conv,59,0.0
yolo_model.model.13.cv1.conv,60,0.0
yolo_model.model.13.cv1.conv,61,0.0
yolo_model.model.13.cv1.conv,62,0.0
yolo_model.model.13.cv1.conv,63,0.0
yolo_model.model.13.cv1.conv,64,5.0
yolo_model.model.13.cv1.conv,65,1014.0
yolo_model.model.13.cv1.conv,66,131.0
yolo_model.model.13.cv1.conv,67,2.0
yolo_model.model.13.cv1.conv,68,0.0
yolo_model.model.13.cv1.conv,69,0.0
yolo_model.model.13.cv1.conv,70,7.0
yolo_model.model.13.cv1.conv,71,127.0
yolo_model.model.13.cv1.conv,72,2.0
yolo_model.model.13.cv1.conv,73,0.0
yolo_model.model.13.cv1.conv,74,7.0
yolo_model.model.13.cv1.conv,75,5.0
yolo_model.model.13.cv1.conv,76,74.0
yolo_model.model.13.cv1.conv,77,0.0
yolo_model.model.13.cv1.conv,78,25.0
yolo_model.model.13.cv1.conv,79,0.0
yolo_model.model.13.cv1.conv,80,25.0
yolo_model.model.13.cv1.conv,81,0.0
yolo_model.model.13.cv1.conv,82,0.0
yolo_model.model.13.cv1.conv,83,0.0
yolo_model.model.13.cv1.conv,84,31.0
yolo_model.model.13.cv1.conv,85,0.0
yolo_model.model.13.cv1.conv,86,15.0
yolo_model.model.13.cv1.conv,87,0.0
yolo_model.model.13.cv1.conv,88,0.0
yolo_model.model.13.cv1.conv,89,0.0
yolo_model.model.13.cv1.conv,90,32.0
yolo_model.model.13.cv1.conv,91,71.0
yolo_model.model.13.cv1.conv,92,52.0
yolo_model.model.13.cv1.conv,93,55.0
yolo_model.model.13.cv1.conv,94,0.0
yolo_model.model.13.cv1.conv,95,0.0
yolo_model.model.13.cv1.conv,96,225.0
yolo_model.model.13.cv1.conv,97,11.0
yolo_model.model.13.cv1.conv,98,0.0
yolo_model.model.13.cv1.conv,99,0.0
yolo_model.model.13.cv1.conv,100,0.0
yolo_model.model.13.cv1.conv,101,0.0
yolo_model.model.13.cv1.conv,102,5.0
yolo_model.model.13.cv1.conv,103,18.0
yolo_model.model.13.cv1.conv,104,0.0
yolo_model.model.13.cv1.conv,105,0.0
yolo_model.model.13.cv1.conv,106,0.0
yolo_model.model.13.cv1.conv,107,0.0
yolo_model.model.13.cv1.conv,108,5.0
yolo_model.model.13.cv1.conv,109,1.0
yolo_model.model.13.cv1.conv,110,0.0
yolo_model.model.13.cv1.conv,111,0.0
yolo_model.model.13.cv1.conv,112,0.0
yolo_model.model.13.cv1.conv,113,0.0
yolo_model.model.13.cv1.conv,114,548.0
yolo_model.model.13.cv1.conv,115,0.0
yolo_model.model.13.cv1.conv,116,15.0
yolo_model.model.13.cv1.conv,117,0.0
yolo_model.model.13.cv1.conv,118,100.0
yolo_model.model.13.cv1.conv,119,0.0
yolo_model.model.13.cv1.conv,120,13.0
yolo_model.model.13.cv1.conv,121,0.0
yolo_model.model.13.cv1.conv,122,0.0
yolo_model.model.13.cv1.conv,123,3.0
yolo_model.model.13.cv1.conv,124,0.0
yolo_model.model.13.cv1.conv,125,0.0
yolo_model.model.13.cv1.conv,126,0.0
yolo_model.model.13.cv1.conv,127,0.0
yolo_model.model.13.cv2.conv,0,14.0
yolo_model.model.13.cv2.conv,1,0.0
yolo_model.model.13.cv2.conv,2,0.0
yolo_model.model.13.cv2.conv,3,0.0
yolo_model.model.13.cv2.conv,4,40.0
yolo_model.model.13.cv2.conv,5,0.0
yolo_model.model.13.cv2.conv,6,0.0
yolo_model.model.13.cv2.conv,7,0.0
yolo_model.model.13.cv2.conv,8,0.0
yolo_model.model.13.cv2.conv,9,0.0
yolo_model.model.13.cv2.conv,10,1.0
yolo_model.model.13.cv2.conv,11,0.0
yolo_model.model.13.cv2.conv,12,0.0
yolo_model.model.13.cv2.conv,13,0.0
yolo_model.model.13.cv2.conv,14,0.0
yolo_model.model.13.cv2.conv,15,0.0
yolo_model.model.13.cv2.conv,16,0.0
yolo_model.model.13.cv2.conv,17,0.0
yolo_model.model.13.cv2.conv,18,0.0
yolo_model.model.13.cv2.conv,19,0.0
yolo_model.model.13.cv2.conv,20,0.0
yolo_model.model.13.cv2.conv,21,0.0
yolo_model.model.13.cv2.conv,22,0.0
yolo_model.model.13.cv2.conv,23,0.0
yolo_model.model.13.cv2.conv,24,0.0
yolo_model.model.13.cv2.conv,25,0.0
yolo_model.model.13.cv2.conv,26,0.0
yolo_model.model.13.cv2.conv,27,0.0
yolo_model.model.13.cv2.conv,28,0.0
yolo_model.model.13.cv2.conv,29,0.0
yolo_model.model.13.cv2.conv,30,2231.0
yolo_model.model.13.cv2.conv,31,0.0
yolo_model.model.13.cv2.conv,32,0.0
yolo_model.model.13.cv2.conv,33,0.0
yolo_model.model.13.cv2.conv,34,0.0
yolo_model.model.13.cv2.conv,35,0.0
yolo_model.model.13.cv2.conv,36,0.0
yolo_model.model.13.cv2.conv,37,0.0
yolo_model.model.13.cv2.conv,38,8.0
yolo_model.model.13.cv2.conv,39,0.0
yolo_model.model.13.cv2.conv,40,0.0
yolo_model.model.13.cv2.conv,41,0.0
yolo_model.model.13.cv2.conv,42,0.0
yolo_model.model.13.cv2.conv,43,0.0
yolo_model.model.13.cv2.conv,44,0.0
yolo_model.model.13.cv2.conv,45,0.0
yolo_model.model.13.cv2.conv,46,0.0
yolo_model.model.13.cv2.conv,47,157.0
yolo_model.model.13.cv2.conv,48,0.0
yolo_model.model.13.cv2.conv,49,0.0
yolo_model.model.13.cv2.conv,50,0.0
yolo_model.model.13.cv2.conv,51,0.0
yolo_model.model.13.cv2.conv,52,48.0
yolo_model.model.13.cv2.conv,53,0.0
yolo_model.model.13.cv2.conv,54,0.0
yolo_model.model.13.cv2.conv,55,55.0
yolo_model.model.13.cv2.conv,56,0.0
yolo_model.model.13.cv2.conv,57,22.0
yolo_model.model.13.cv2.conv,58,0.0
yolo_model.model.13.cv2.conv,59,0.0
yolo_model.model.13.cv2.conv,60,0.0
yolo_model.model.13.cv2.conv,61,0.0
yolo_model.model.13.cv2.conv,62,8.0
yolo_model.model.13.cv2.conv,63,0.0
yolo_model.model.13.cv2.conv,64,0.0
yolo_model.model.13.cv2.conv,65,0.0
yolo_model.model.13.cv2.conv,66,0.0
yolo_model.model.13.cv2.conv,67,0.0
yolo_model.model.13.cv2.conv,68,0.0
yolo_model.model.13.cv2.conv,69,0.0
yolo_model.model.13.cv2.conv,70,0.0
yolo_model.model.13.cv2.conv,71,0.0
yolo_model.model.13.cv2.conv,72,0.0
yolo_model.model.13.cv2.conv,73,0.0
yolo_model.model.13.cv2.conv,74,0.0
yolo_model.model.13.cv2.conv,75,0.0
yolo_model.model.13.cv2.conv,76,0.0
yolo_model.model.13.cv2.conv,77,0.0
yolo_model.model.13.cv2.conv,78,0.0
yolo_model.model.13.cv2.conv,79,6160.0
yolo_model.model.13.cv2.conv,80,11.0
yolo_model.model.13.cv2.conv,81,0.0
yolo_model.model.13.cv2.conv,82,0.0
yolo_model.model.13.cv2.conv,83,0.0
yolo_model.model.13.cv2.conv,84,0.0
yolo_model.model.13.cv2.conv,85,0.0
yolo_model.model.13.cv2.conv,86,0.0
yolo_model.model.13.cv2.conv,87,1608.0
yolo_model.model.13.cv2.conv,88,20.0
yolo_model.model.13.cv2.conv,89,0.0
yolo_model.model.13.cv2.conv,90,0.0
yolo_model.model.13.cv2.conv,91,0.0
yolo_model.model.13.cv2.conv,92,0.0
yolo_model.model.13.cv2.conv,93,0.0
yolo_model.model.13.cv2.conv,94,0.0
yolo_model.model.13.cv2.conv,95,0.0
yolo_model.model.13.cv2.conv,96,0.0
yolo_model.model.13.cv2.conv,97,0.0
yolo_model.model.13.cv2.conv,98,0.0
yolo_model.model.13.cv2.conv,99,5.0
yolo_model.model.13.cv2.conv,100,0.0
yolo_model.model.13.cv2.conv,101,0.0
yolo_model.model.13.cv2.conv,102,0.0
yolo_model.model.13.cv2.conv,103,0.0
yolo_model.model.13.cv2.conv,104,0.0
yolo_model.model.13.cv2.conv,105,0.0
yolo_model.model.13.cv2.conv,106,0.0
yolo_model.model.13.cv2.conv,107,0.0
yolo_model.model.13.cv2.conv,108,0.0
yolo_model.model.13.cv2.conv,109,0.0
yolo_model.model.13.cv2.conv,110,0.0
yolo_model.model.13.cv2.conv,111,0.0
yolo_model.model.13.cv2.conv,112,0.0
yolo_model.model.13.cv2.conv,113,0.0
yolo_model.model.13.cv2.conv,114,0.0
yolo_model.model.13.cv2.conv,115,0.0
yolo_model.model.13.cv2.conv,116,0.0
yolo_model.model.13.cv2.conv,117,0.0
yolo_model.model.13.cv2.conv,118,0.0
yolo_model.model.13.cv2.conv,119,0.0
yolo_model.model.13.cv2.conv,120,423.0
yolo_model.model.13.cv2.conv,121,0.0
yolo_model.model.13.cv2.conv,122,0.0
yolo_model.model.13.cv2.conv,123,0.0
yolo_model.model.13.cv2.conv,124,0.0
yolo_model.model.13.cv2.conv,125,0.0
yolo_model.model.13.cv2.conv,126,314.0
yolo_model.model.13.cv2.conv,127,0.0
yolo_model.model.13.m.0.cv1.conv,0,34.0
yolo_model.model.13.m.0.cv1.conv,1,0.0
yolo_model.model.13.m.0.cv1.conv,2,1186.0
yolo_model.model.13.m.0.cv1.conv,3,0.0
yolo_model.model.13.m.0.cv1.conv,4,1.0
yolo_model.model.13.m.0.cv1.conv,5,0.0
yolo_model.model.13.m.0.cv1.conv,6,27.0
yolo_model.model.13.m.0.cv1.conv,7,0.0
yolo_model.model.13.m.0.cv1.conv,8,0.0
yolo_model.model.13.m.0.cv1.conv,9,99.0
yolo_model.model.13.m.0.cv1.conv,10,0.0
yolo_model.model.13.m.0.cv1.conv,11,0.0
yolo_model.model.13.m.0.cv1.conv,12,28.0
yolo_model.model.13.m.0.cv1.conv,13,44.0
yolo_model.model.13.m.0.cv1.conv,14,0.0
yolo_model.model.13.m.0.cv1.conv,15,114.0
yolo_model.model.13.m.0.cv1.conv,16,64.0
yolo_model.model.13.m.0.cv1.conv,17,2340.0
yolo_model.model.13.m.0.cv1.conv,18,11.0
yolo_model.model.13.m.0.cv1.conv,19,0.0
yolo_model.model.13.m.0.cv1.conv,20,0.0
yolo_model.model.13.m.0.cv1.conv,21,43.0
yolo_model.model.13.m.0.cv1.conv,22,126.0
yolo_model.model.13.m.0.cv1.conv,23,0.0
yolo_model.model.13.m.0.cv1.conv,24,4.0
yolo_model.model.13.m.0.cv1.conv,25,20.0
yolo_model.model.13.m.0.cv1.conv,26,0.0
yolo_model.model.13.m.0.cv1.conv,27,32.0
yolo_model.model.13.m.0.cv1.conv,28,0.0
yolo_model.model.13.m.0.cv1.conv,29,18.0
yolo_model.model.13.m.0.cv1.conv,30,0.0
yolo_model.model.13.m.0.cv1.conv,31,20.0
yolo_model.model.13.m.0.cv2.conv,0,0.0
yolo_model.model.13.m.0.cv2.conv,1,0.0
yolo_model.model.13.m.0.cv2.conv,2,0.0
yolo_model.model.13.m.0.cv2.conv,3,0.0
yolo_model.model.13.m.0.cv2.conv,4,0.0
yolo_model.model.13.m.0.cv2.conv,5,0.0
yolo_model.model.13.m.0.cv2.conv,6,0.0
yolo_model.model.13.m.0.cv2.conv,7,0.0
yolo_model.model.13.m.0.cv2.conv,8,0.0
yolo_model.model.13.m.0.cv2.conv,9,0.0
yolo_model.model.13.m.0.cv2.conv,10,0.0
yolo_model.model.13.m.0.cv2.conv,11,0.0
yolo_model.model.13.m.0.cv2.conv,12,0.0
yolo_model.model.13.m.0.cv2.conv,13,0.0
yolo_model.model.13.m.0.cv2.conv,14,7.0
yolo_model.model.13.m.0.cv2.conv,15,0.0
yolo_model.model.13.m.0.cv2.conv,16,0.0
yolo_model.model.13.m.0.cv2.conv,17,0.0
yolo_model.model.13.m.0.cv2.conv,18,0.0
yolo_model.model.13.m.0.cv2.conv,19,0.0
yolo_model.model.13.m.0.cv2.conv,20,0.0
yolo_model.model.13.m.0.cv2.conv,21,5.0
yolo_model.model.13.m.0.cv2.conv,22,0.0
yolo_model.model.13.m.0.cv2.conv,23,0.0
yolo_model.model.13.m.0.cv2.conv,24,0.0
yolo_model.model.13.m.0.cv2.conv,25,0.0
yolo_model.model.13.m.0.cv2.conv,26,0.0
yolo_model.model.13.m.0.cv2.conv,27,15.0
yolo_model.model.13.m.0.cv2.conv,28,0.0
yolo_model.model.13.m.0.cv2.conv,29,0.0
yolo_model.model.13.m.0.cv2.conv,30,0.0
yolo_model.model.13.m.0.cv2.conv,31,0.0
yolo_model.model.13.m.0.cv2.conv,32,0.0
yolo_model.model.13.m.0.cv2.conv,33,0.0
yolo_model.model.13.m.0.cv2.conv,34,0.0
yolo_model.model.13.m.0.cv2.conv,35,0.0
yolo_model.model.13.m.0.cv2.conv,36,0.0
yolo_model.model.13.m.0.cv2.conv,37,0.0
yolo_model.model.13.m.0.cv2.conv,38,0.0
yolo_model.model.13.m.0.cv2.conv,39,0.0
yolo_model.model.13.m.0.cv2.conv,40,0.0
yolo_model.model.13.m.0.cv2.conv,41,27.0
yolo_model.model.13.m.0.cv2.conv,42,0.0
yolo_model.model.13.m.0.cv2.conv,43,0.0
yolo_model.model.13.m.0.cv2.conv,44,14.0
yolo_model.model.13.m.0.cv2.conv,45,0.0
yolo_model.model.13.m.0.cv2.conv,46,0.0
yolo_model.model.13.m.0.cv2.conv,47,0.0
yolo_model.model.13.m.0.cv2.conv,48,9.0
yolo_model.model.13.m.0.cv2.conv,49,0.0
yolo_model.model.13.m.0.cv2.conv,50,0.0
yolo_model.model.13.m.0.cv2.conv,51,0.0
yolo_model.model.13.m.0.cv2.conv,52,0.0
yolo_model.model.13.m.0.cv2.conv,53,0.0
yolo_model.model.13.m.0.cv2.conv,54,0.0
yolo_model.model.13.m.0.cv2.conv,55,0.0
yolo_model.model.13.m.0.cv2.conv,56,0.0
yolo_model.model.13.m.0.cv2.conv,57,0.0
yolo_model.model.13.m.0.cv2.conv,58,0.0
yolo_model.model.13.m.0.cv2.conv,59,0.0
yolo_model.model.13.m.0.cv2.conv,60,0.0
yolo_model.model.13.m.0.cv2.conv,61,0.0
yolo_model.model.13.m.0.cv2.conv,62,0.0
yolo_model.model.13.m.0.cv2.conv,63,0.0
yolo_model.model.16.cv1.conv,0,0.0
yolo_model.model.16.cv1.conv,1,2182.0
yolo_model.model.16.cv1.conv,2,0.0
yolo_model.model.16.cv1.conv,3,0.0
yolo_model.model.16.cv1.conv,4,0.0
yolo_model.model.16.cv1.conv,5,0.0
yolo_model.model.16.cv1.conv,6,0.0
yolo_model.model.16.cv1.conv,7,0.0
yolo_model.model.16.cv1.conv,8,0.0
yolo_model.model.16.cv1.conv,9,0.0
yolo_model.model.16.cv1.conv,10,0.0
yolo_model.model.16.cv1.conv,11,0.0
yolo_model.model.16.cv1.conv,12,0.0
yolo_model.model.16.cv1.conv,13,0.0
yolo_model.model.16.cv1.conv,14,997.0
yolo_model.model.16.cv1.conv,15,0.0
yolo_model.model.16.cv1.conv,16,0.0
yolo_model.model.16.cv1.conv,17,0.0
yolo_model.model.16.cv1.conv,18,0.0
yolo_model.model.16.cv1.conv,19,10705.0
yolo_model.model.16.cv1.conv,20,0.0
yolo_model.model.16.cv1.conv,21,0.0
yolo_model.model.16.cv1.conv,22,0.0
yolo_model.model.16.cv1.conv,23,0.0
yolo_model.model.16.cv1.conv,24,0.0
yolo_model.model.16.cv1.conv,25,0.0
yolo_model.model.16.cv1.conv,26,0.0
yolo_model.model.16.cv1.conv,27,0.0
yolo_model.model.16.cv1.conv,28,0.0
yolo_model.model.16.cv1.conv,29,0.0
yolo_model.model.16.cv1.conv,30,69.0
yolo_model.model.16.cv1.conv,31,20.0
yolo_model.model.16.cv1.conv,32,0.0
yolo_model.model.16.cv1.conv,33,0.0
yolo_model.model.16.cv1.conv,34,1.0
yolo_model.model.16.cv1.conv,35,28.0
yolo_model.model.16.cv1.conv,36,0.0
yolo_model.model.16.cv1.conv,37,0.0
yolo_model.model.16.cv1.conv,38,0.0
yolo_model.model.16.cv1.conv,39,0.0
yolo_model.model.16.cv1.conv,40,0.0
yolo_model.model.16.cv1.conv,41,0.0
yolo_model.model.16.cv1.conv,42,0.0
yolo_model.model.16.cv1.conv,43,0.0
yolo_model.model.16.cv1.conv,44,0.0
yolo_model.model.16.cv1.conv,45,0.0
yolo_model.model.16.cv1.conv,46,0.0
yolo_model.model.16.cv1.conv,47,0.0
yolo_model.model.16.cv1.conv,48,0.0
yolo_model.model.16.cv1.conv,49,0.0
yolo_model.model.16.cv1.conv,50,0.0
yolo_model.model.16.cv1.conv,51,0.0
yolo_model.model.16.cv1.conv,52,0.0
yolo_model.model.16.cv1.conv,53,0.0
yolo_model.model.16.cv1.conv,54,12.0
yolo_model.model.16.cv1.conv,55,0.0
yolo_model.model.16.cv1.conv,56,0.0
yolo_model.model.16.cv1.conv,57,0.0
yolo_model.model.16.cv1.conv,58,123.0
yolo_model.model.16.cv1.conv,59,0.0
yolo_model.model.16.cv1.conv,60,206.0
yolo_model.model.16.cv1.conv,61,0.0
yolo_model.model.16.cv1.conv,62,0.0
yolo_model.model.16.cv1.conv,63,0.0
yolo_model.model.16.cv2.conv,0,0.0
yolo_model.model.16.cv2.conv,1,45.0
yolo_model.model.16.cv2.conv,2,0.0
yolo_model.model.16.cv2.conv,3,0.0
yolo_model.model.16.cv2.conv,4,46.0
yolo_model.model.16.cv2.conv,5,0.0
yolo_model.model.16.cv2.conv,6,208.0
yolo_model.model.16.cv2.conv,7,0.0
yolo_model.model.16.cv2.conv,8,0.0
yolo_model.model.16.cv2.conv,9,0.0
yolo_model.model.16.cv2.conv,10,0.0
yolo_model.model.16.cv2.conv,11,0.0
yolo_model.model.16.cv2.conv,12,20.0
yolo_model.model.16.cv2.conv,13,0.0
yolo_model.model.16.cv2.conv,14,0.0
yolo_model.model.16.cv2.conv,15,8.0
yolo_model.model.16.cv2.conv,16,0.0
yolo_model.model.16.cv2.conv,17,0.0
yolo_model.model.16.cv2.conv,18,0.0
yolo_model.model.16.cv2.conv,19,1.0
yolo_model.model.16.cv2.conv,20,0.0
yolo_model.model.16.cv2.conv,21,0.0
yolo_model.model.16.cv2.conv,22,0.0
yolo_model.model.16.cv2.conv,23,0.0
yolo_model.model.16.cv2.conv,24,0.0
yolo_model.model.16.cv2.conv,25,0.0
yolo_model.model.16.cv2.conv,26,0.0
yolo_model.model.16.cv2.conv,27,0.0
yolo_model.model.16.cv2.conv,28,0.0
yolo_model.model.16.cv2.conv,29,0.0
yolo_model.model.16.cv2.conv,30,4.0
yolo_model.model.16.cv2.conv,31,0.0
yolo_model.model.16.cv2.conv,32,0.0
yolo_model.model.16.cv2.conv,33,0.0
yolo_model.model.16.cv2.conv,34,0.0
yolo_model.model.16.cv2.conv,35,0.0
yolo_model.model.16.cv2.conv,36,0.0
yolo_model.model.16.cv2.conv,37,85.0
yolo_model.model.16.cv2.conv,38,0.0
yolo_model.model.16.cv2.conv,39,0.0
yolo_model.model.16.cv2.conv,40,530.0
yolo_model.model.16.cv2.conv,41,0.0
yolo_model.model.16.cv2.conv,42,0.0
yolo_model.model.16.cv2.conv,43,22.0
yolo_model.model.16.cv2.conv,44,137.0
yolo_model.model.16.cv2.conv,45,0.0
yolo_model.model.16.cv2.conv,46,0.0
yolo_model.model.16.cv2.conv,47,39.0
yolo_model.model.16.cv2.conv,48,61.0
yolo_model.model.16.cv2.conv,49,0.0
yolo_model.model.16.cv2.conv,50,6.0
yolo_model.model.16.cv2.conv,51,0.0
yolo_model.model.16.cv2.conv,52,0.0
yolo_model.model.16.cv2.conv,53,0.0
yolo_model.model.16.cv2.conv,54,0.0
yolo_model.model.16.cv2.conv,55,0.0
yolo_model.model.16.cv2.conv,56,0.0
yolo_model.model.16.cv2.conv,57,1.0
yolo_model.model.16.cv2.conv,58,9.0
yolo_model.model.16.cv2.conv,59,0.0
yolo_model.model.16.cv2.conv,60,0.0
yolo_model.model.16.cv2.conv,61,15.0
yolo_model.model.16.cv2.conv,62,23.0
yolo_model.model.16.cv2.conv,63,9400.0
yolo_model.model.16.m.0.cv1.conv,0,151.0
yolo_model.model.16.m.0.cv1.conv,1,0.0
yolo_model.model.16.m.0.cv1.conv,2,0.0
yolo_model.model.16.m.0.cv1.conv,3,0.0
yolo_model.model.16.m.0.cv1.conv,4,0.0
yolo_model.model.16.m.0.cv1.conv,5,0.0
yolo_model.model.16.m.0.cv1.conv,6,0.0
yolo_model.model.16.m.0.cv1.conv,7,0.0
yolo_model.model.16.m.0.cv1.conv,8,0.0
yolo_model.model.16.m.0.cv1.conv,9,0.0
yolo_model.model.16.m.0.cv1.conv,10,277.0
yolo_model.model.16.m.0.cv1.conv,11,20.0
yolo_model.model.16.m.0.cv1.conv,12,0.0
yolo_model.model.16.m.0.cv1.conv,13,7.0
yolo_model.model.16.m.0.cv1.conv,14,0.0
yolo_model.model.16.m.0.cv1.conv,15,10.0
yolo_model.model.16.m.0.cv2.conv,0,0.0
yolo_model.model.16.m.0.cv2.conv,1,0.0
yolo_model.model.16.m.0.cv2.conv,2,0.0
yolo_model.model.16.m.0.cv2.conv,3,0.0
yolo_model.model.16.m.0.cv2.conv,4,0.0
yolo_model.model.16.m.0.cv2.conv,5,0.0
yolo_model.model.16.m.0.cv2.conv,6,0.0
yolo_model.model.16.m.0.cv2.conv,7,2390.0
yolo_model.model.16.m.0.cv2.conv,8,28.0
yolo_model.model.16.m.0.cv2.conv,9,0.0
yolo_model.model.16.m.0.cv2.conv,10,0.0
yolo_model.model.16.m.0.cv2.conv,11,0.0
yolo_model.model.16.m.0.cv2.conv,12,0.0
yolo_model.model.16.m.0.cv2.conv,13,0.0
yolo_model.model.16.m.0.cv2.conv,14,0.0
yolo_model.model.16.m.0.cv2.conv,15,0.0
yolo_model.model.16.m.0.cv2.conv,16,0.0
yolo_model.model.16.m.0.cv2.conv,17,0.0
yolo_model.model.16.m.0.cv2.conv,18,0.0
yolo_model.model.16.m.0.cv2.conv,19,0.0
yolo_model.model.16.m.0.cv2.conv,20,0.0
yolo_model.model.16.m.0.cv2.conv,21,0.0
yolo_model.model.16.m.0.cv2.conv,22,0.0
yolo_model.model.16.m.0.cv2.conv,23,7.0
yolo_model.model.16.m.0.cv2.conv,24,0.0
yolo_model.model.16.m.0.cv2.conv,25,0.0
yolo_model.model.16.m.0.cv2.conv,26,0.0
yolo_model.model.16.m.0.cv2.conv,27,0.0
yolo_model.model.16.m.0.cv2.conv,28,0.0
yolo_model.model.16.m.0.cv2.conv,29,0.0
yolo_model.model.16.m.0.cv2.conv,30,0.0
yolo_model.model.16.m.0.cv2.conv,31,0.0
yolo_model.model.17.conv,0,0.0
yolo_model.model.17.conv,1,0.0
yolo_model.model.17.conv,2,8.0
yolo_model.model.17.conv,3,0.0
yolo_model.model.17.conv,4,0.0
yolo_model.model.17.conv,5,17.0
yolo_model.model.17.conv,6,0.0
yolo_model.model.17.conv,7,2.0
yolo_model.model.17.conv,8,0.0
yolo_model.model.17.conv,9,0.0
yolo_model.model.17.conv,10,0.0
yolo_model.model.17.conv,11,32.0
yolo_model.model.17.conv,12,0.0
yolo_model.model.17.conv,13,0.0
yolo_model.model.17.conv,14,0.0
yolo_model.model.17.conv,15,0.0
yolo_model.model.17.conv,16,0.0
yolo_model.model.17.conv,17,0.0
yolo_model.model.17.conv,18,0.0
yolo_model.model.17.conv,19,0.0
yolo_model.model.17.conv,20,0.0
yolo_model.model.17.conv,21,0.0
yolo_model.model.17.conv,22,2.0
yolo_model.model.17.conv,23,0.0
yolo_model.model.17.conv,24,0.0
yolo_model.model.17.conv,25,0.0
yolo_model.model.17.conv,26,0.0
yolo_model.model.17.conv,27,0.0
yolo_model.model.17.conv,28,2.0
yolo_model.model.17.conv,29,0.0
yolo_model.model.17.conv,30,0.0
yolo_model.model.17.conv,31,0.0
yolo_model.model.17.conv,32,0.0
yolo_model.model.17.conv,33,0.0
yolo_model.model.17.conv,34,0.0
yolo_model.model.17.conv,35,0.0
yolo_model.model.17.conv,36,0.0
yolo_model.model.17.conv,37,55.0
yolo_model.model.17.conv,38,0.0
yolo_model.model.17.conv,39,0.0
yolo_model.model.17.conv,40,0.0
yolo_model.model.17.conv,41,0.0
yolo_model.model.17.conv,42,0.0
yolo_model.model.17.conv,43,14.0
yolo_model.model.17.conv,44,0.0
yolo_model.model.17.conv,45,0.0
yolo_model.model.17.conv,46,0.0
yolo_model.model.17.conv,47,0.0
yolo_model.model.17.conv,48,0.0
yolo_model.model.17.conv,49,6.0
yolo_model.model.17.conv,50,0.0
yolo_model.model.17.conv,51,0.0
yolo_model.model.17.conv,52,0.0
yolo_model.model.17.conv,53,0.0
yolo_model.model.17.conv,54,0.0
yolo_model.model.17.conv,55,0.0
yolo_model.model.17.conv,56,0.0
yolo_model.model.17.conv,57,0.0
yolo_model.model.17.conv,58,0.0
yolo_model.model.17.conv,59,0.0
yolo_model.model.17.conv,60,0.0
yolo_model.model.17.conv,61,0.0
yolo_model.model.17.conv,62,0.0
yolo_model.model.17.conv,63,0.0
yolo_model.model.19.cv1.conv,0,0.0
yolo_model.model.19.cv1.conv,1,0.0
yolo_model.model.19.cv1.conv,2,0.0
yolo_model.model.19.cv1.conv,3,0.0
yolo_model.model.19.cv1.conv,4,0.0
yolo_model.model.19.cv1.conv,5,0.0
yolo_model.model.19.cv1.conv,6,0.0
yolo_model.model.19.cv1.conv,7,0.0
yolo_model.model.19.cv1.conv,8,0.0
yolo_model.model.19.cv1.conv,9,39.0
yolo_model.model.19.cv1.conv,10,0.0
yolo_model.model.19.cv1.conv,11,0.0
yolo_model.model.19.cv1.conv,12,0.0
yolo_model.model.19.cv1.conv,13,0.0
yolo_model.model.19.cv1.conv,14,0.0
yolo_model.model.19.cv1.conv,15,0.0
yolo_model.model.19.cv1.conv,16,0.0
yolo_model.model.19.cv1.conv,17,143.0
yolo_model.model.19.cv1.conv,18,0.0
yolo_model.model.19.cv1.conv,19,0.0
yolo_model.model.19.cv1.conv,20,0.0
yolo_model.model.19.cv1.conv,21,0.0
yolo_model.model.19.cv1.conv,22,0.0
yolo_model.model.19.cv1.conv,23,0.0
yolo_model.model.19.cv1.conv,24,0.0
yolo_model.model.19.cv1.conv,25,0.0
yolo_model.model.19.cv1.conv,26,1.0
yolo_model.model.19.cv1.conv,27,0.0
yolo_model.model.19.cv1.conv,28,0.0
yolo_model.model.19.cv1.conv,29,0.0
yolo_model.model.19.cv1.conv,30,0.0
yolo_model.model.19.cv1.conv,31,0.0
yolo_model.model.19.cv1.conv,32,2755.0
yolo_model.model.19.cv1.conv,33,0.0
yolo_model.model.19.cv1.conv,34,0.0
yolo_model.model.19.cv1.conv,35,0.0
yolo_model.model.19.cv1.conv,36,0.0
yolo_model.model.19.cv1.conv,37,0.0
yolo_model.model.19.cv1.conv,38,0.0
yolo_model.model.19.cv1.conv,39,0.0
yolo_model.model.19.cv1.conv,40,0.0
yolo_model.model.19.cv1.conv,41,0.0
yolo_model.model.19.cv1.conv,42,0.0
yolo_model.model.19.cv1.conv,43,0.0
yolo_model.model.19.cv1.conv,44,0.0
yolo_model.model.19.cv1.conv,45,0.0
yolo_model.model.19.cv1.conv,46,0.0
yolo_model.model.19.cv1.conv,47,0.0
yolo_model.model.19.cv1.conv,48,0.0
yolo_model.model.19.cv1.conv,49,0.0
yolo_model.model.19.cv1.conv,50,0.0
yolo_model.model.19.cv1.conv,51,0.0
yolo_model.model.19.cv1.conv,52,0.0
yolo_model.model.19.cv1.conv,53,0.0
yolo_model.model.19.cv1.conv,54,0.0
yolo_model.model.19.cv1.conv,55,0.0
yolo_model.model.19.cv1.conv,56,0.0
yolo_model.model.19.cv1.conv,57,0.0
yolo_model.model.19.cv1.conv,58,0.0
yolo_model.model.19.cv1.conv,59,91.0
yolo_model.model.19.cv1.conv,60,0.0
yolo_model.model.19.cv1.conv,61,0.0
yolo_model.model.19.cv1.conv,62,0.0
yolo_model.model.19.cv1.conv,63,0.0
yolo_model.model.19.cv1.conv,64,0.0
yolo_model.model.19.cv1.conv,65,8.0
yolo_model.model.19.cv1.conv,66,0.0
yolo_model.model.19.cv1.conv,67,0.0
yolo_model.model.19.cv1.conv,68,0.0
yolo_model.model.19.cv1.conv,69,0.0
yolo_model.model.19.cv1.conv,70,0.0
yolo_model.model.19.cv1.conv,71,0.0
yolo_model.model.19.cv1.conv,72,0.0
yolo_model.model.19.cv1.conv,73,35.0
yolo_model.model.19.cv1.conv,74,0.0
yolo_model.model.19.cv1.conv,75,0.0
yolo_model.model.19.cv1.conv,76,0.0
yolo_model.model.19.cv1.conv,77,8.0
yolo_model.model.19.cv1.conv,78,0.0
yolo_model.model.19.cv1.conv,79,0.0
yolo_model.model.19.cv1.conv,80,0.0
yolo_model.model.19.cv1.conv,81,0.0
yolo_model.model.19.cv1.conv,82,0.0
yolo_model.model.19.cv1.conv,83,0.0
yolo_model.model.19.cv1.conv,84,0.0
yolo_model.model.19.cv1.conv,85,9.0
yolo_model.model.19.cv1.conv,86,0.0
yolo_model.model.19.cv1.conv,87,0.0
yolo_model.model.19.cv1.conv,88,0.0
yolo_model.model.19.cv1.conv,89,0.0
yolo_model.model.19.cv1.conv,90,0.0
yolo_model.model.19.cv1.conv,91,0.0
yolo_model.model.19.cv1.conv,92,6.0
yolo_model.model.19.cv1.conv,93,0.0
yolo_model.model.19.cv1.conv,94,0.0
yolo_model.model.19.cv1.conv,95,0.0
yolo_model.model.19.cv1.conv,96,0.0
yolo_model.model.19.cv1.conv,97,6.0
yolo_model.model.19.cv1.conv,98,0.0
yolo_model.model.19.cv1.conv,99,0.0
yolo_model.model.19.cv1.conv,100,0.0
yolo_model.model.19.cv1.conv,101,0.0
yolo_model.model.19.cv1.conv,102,0.0
yolo_model.model.19.cv1.conv,103,0.0
yolo_model.model.19.cv1.conv,104,0.0
yolo_model.model.19.cv1.conv,105,0.0
yolo_model.model.19.cv1.conv,106,0.0
yolo_model.model.19.cv1.conv,107,20.0
yolo_model.model.19.cv1.conv,108,0.0
yolo_model.model.19.cv1.conv,109,0.0
yolo_model.model.19.cv1.conv,110,0.0
yolo_model.model.19.cv1.conv,111,0.0
yolo_model.model.19.cv1.conv,112,0.0
yolo_model.model.19.cv1.conv,113,0.0
yolo_model.model.19.cv1.conv,114,0.0
yolo_model.model.19.cv1.conv,115,2.0
yolo_model.model.19.cv1.conv,116,0.0
yolo_model.model.19.cv1.conv,117,0.0
yolo_model.model.19.cv1.conv,118,0.0
yolo_model.model.19.cv1.conv,119,0.0
yolo_model.model.19.cv1.conv,120,0.0
yolo_model.model.19.cv1.conv,121,19.0
yolo_model.model.19.cv1.conv,122,0.0
yolo_model.model.19.cv1.conv,123,0.0
yolo_model.model.19.cv1.conv,124,0.0
yolo_model.model.19.cv1.conv,125,0.0
yolo_model.model.19.cv1.conv,126,0.0
yolo_model.model.19.cv1.conv,127,0.0
yolo_model.model.19.cv2.conv,0,5.0
yolo_model.model.19.cv2.conv,1,0.0
yolo_model.model.19.cv2.conv,2,0.0
yolo_model.model.19.cv2.conv,3,0.0
yolo_model.model.19.cv2.conv,4,0.0
yolo_model.model.19.cv2.conv,5,0.0
yolo_model.model.19.cv2.conv,6,0.0
yolo_model.model.19.cv2.conv,7,0.0
yolo_model.model.19.cv2.conv,8,0.0
yolo_model.model.19.cv2.conv,9,0.0
yolo_model.model.19.cv2.conv,10,0.0
yolo_model.model.19.cv2.conv,11,0.0
yolo_model.model.19.cv2.conv,12,0.0
yolo_model.model.19.cv2.conv,13,0.0
yolo_model.model.19.cv2.conv,14,0.0
yolo_model.model.19.cv2.conv,15,0.0
yolo_model.model.19.cv2.conv,16,0.0
yolo_model.model.19.cv2.conv,17,0.0
yolo_model.model.19.cv2.conv,18,0.0
yolo_model.model.19.cv2.conv,19,0.0
yolo_model.model.19.cv2.conv,20,10.0
yolo_model.model.19.cv2.conv,21,0.0
yolo_model.model.19.cv2.conv,22,0.0
yolo_model.model.19.cv2.conv,23,0.0
yolo_model.model.19.cv2.conv,24,0.0
yolo_model.model.19.cv2.conv,25,0.0
yolo_model.model.19.cv2.conv,26,0.0
yolo_model.model.19.cv2.conv,27,0.0
yolo_model.model.19.cv2.conv,28,0.0
yolo_model.model.19.cv2.conv,29,0.0
yolo_model.model.19.cv2.conv,30,0.0
yolo_model.model.19.cv2.conv,31,0.0
yolo_model.model.19.cv2.conv,32,0.0
yolo_model.model.19.cv2.conv,33,0.0
yolo_model.model.19.cv2.conv,34,0.0
yolo_model.model.19.cv2.conv,35,0.0
yolo_model.model.19.cv2.conv,36,0.0
yolo_model.model.19.cv2.conv,37,0.0
yolo_model.model.19.cv2.conv,38,0.0
yolo_model.model.19.cv2.conv,39,0.0
yolo_model.model.19.cv2.conv,40,0.0
yolo_model.model.19.cv2.conv,41,0.0
yolo_model.model.19.cv2.conv,42,28.0
yolo_model.model.19.cv2.conv,43,22.0
yolo_model.model.19.cv2.conv,44,0.0
yolo_model.model.19.cv2.conv,45,26.0
yolo_model.model.19.cv2.conv,46,0.0
yolo_model.model.19.cv2.conv,47,0.0
yolo_model.model.19.cv2.conv,48,0.0
yolo_model.model.19.cv2.conv,49,0.0
yolo_model.model.19.cv2.conv,50,0.0
yolo_model.model.19.cv2.conv,51,0.0
yolo_model.model.19.cv2.conv,52,0.0
yolo_model.model.19.cv2.conv,53,0.0
yolo_model.model.19.cv2.conv,54,0.0
yolo_model.model.19.cv2.conv,55,0.0
yolo_model.model.19.cv2.conv,56,0.0
yolo_model.model.19.cv2.conv,57,0.0
yolo_model.model.19.cv2.conv,58,0.0
yolo_model.model.19.cv2.conv,59,0.0
yolo_model.model.19.cv2.conv,60,0.0
yolo_model.model.19.cv2.conv,61,0.0
yolo_model.model.19.cv2.conv,62,0.0
yolo_model.model.19.cv2.conv,63,0.0
yolo_model.model.19.cv2.conv,64,15.0
yolo_model.model.19.cv2.conv,65,0.0
yolo_model.model.19.cv2.conv,66,807.0
yolo_model.model.19.cv2.conv,67,0.0
yolo_model.model.19.cv2.conv,68,0.0
yolo_model.model.19.cv2.conv,69,0.0
yolo_model.model.19.cv2.conv,70,0.0
yolo_model.model.19.cv2.conv,71,0.0
yolo_model.model.19.cv2.conv,72,0.0
yolo_model.model.19.cv2.conv,73,0.0
yolo_model.model.19.cv2.conv,74,0.0
yolo_model.model.19.cv2.conv,75,0.0
yolo_model.model.19.cv2.conv,76,24.0
yolo_model.model.19.cv2.conv,77,0.0
yolo_model.model.19.cv2.conv,78,0.0
yolo_model.model.19.cv2.conv,79,0.0
yolo_model.model.19.cv2.conv,80,0.0
yolo_model.model.19.cv2.conv,81,0.0
yolo_model.model.19.cv2.conv,82,198.0
yolo_model.model.19.cv2.conv,83,0.0
yolo_model.model.19.cv2.conv,84,0.0
yolo_model.model.19.cv2.conv,85,0.0
yolo_model.model.19.cv2.conv,86,0.0
yolo_model.model.19.cv2.conv,87,0.0
yolo_model.model.19.cv2.conv,88,1.0
yolo_model.model.19.cv2.conv,89,0.0
yolo_model.model.19.cv2.conv,90,44.0
yolo_model.model.19.cv2.conv,91,0.0
yolo_model.model.19.cv2.conv,92,0.0
yolo_model.model.19.cv2.conv,93,0.0
yolo_model.model.19.cv2.conv,94,263.0
yolo_model.model.19.cv2.conv,95,0.0
yolo_model.model.19.cv2.conv,96,0.0
yolo_model.model.19.cv2.conv,97,0.0
yolo_model.model.19.cv2.conv,98,14.0
yolo_model.model.19.cv2.conv,99,0.0
yolo_model.model.19.cv2.conv,100,0.0
yolo_model.model.19.cv2.conv,101,0.0
yolo_model.model.19.cv2.conv,102,0.0
yolo_model.model.19.cv2.conv,103,0.0
yolo_model.model.19.cv2.conv,104,0.0
yolo_model.model.19.cv2.conv,105,0.0
yolo_model.model.19.cv2.conv,106,0.0
yolo_model.model.19.cv2.conv,107,3313.0
yolo_model.model.19.cv2.conv,108,0.0
yolo_model.model.19.cv2.conv,109,489.0
yolo_model.model.19.cv2.conv,110,7.0
yolo_model.model.19.cv2.conv,111,0.0
yolo_model.model.19.cv2.conv,112,2.0
yolo_model.model.19.cv2.conv,113,0.0
yolo_model.model.19.cv2.conv,114,0.0
yolo_model.model.19.cv2.conv,115,0.0
yolo_model.model.19.cv2.conv,116,0.0
yolo_model.model.19.cv2.conv,117,0.0
yolo_model.model.19.cv2.conv,118,0.0
yolo_model.model.19.cv2.conv,119,0.0
yolo_model.model.19.cv2.conv,120,0.0
yolo_model.model.19.cv2.conv,121,9.0
yolo_model.model.19.cv2.conv,122,0.0
yolo_model.model.19.cv2.conv,123,0.0
yolo_model.model.19.cv2.conv,124,0.0
yolo_model.model.19.cv2.conv,125,0.0
yolo_model.model.19.cv2.conv,126,0.0
yolo_model.model.19.cv2.conv,127,0.0
yolo_model.model.19.m.0.cv1.conv,0,227.0
yolo_model.model.19.m.0.cv1.conv,1,0.0
yolo_model.model.19.m.0.cv1.conv,2,0.0
yolo_model.model.19.m.0.cv1.conv,3,0.0
yolo_model.model.19.m.0.cv1.conv,4,904.0
yolo_model.model.19.m.0.cv1.conv,5,24.0
yolo_model.model.19.m.0.cv1.conv,6,0.0
yolo_model.model.19.m.0.cv1.conv,7,0.0
yolo_model.model.19.m.0.cv1.conv,8,170.0
yolo_model.model.19.m.0.cv1.conv,9,0.0
yolo_model.model.19.m.0.cv1.conv,10,29.0
yolo_model.model.19.m.0.cv1.conv,11,25.0
yolo_model.model.19.m.0.cv1.conv,12,0.0
yolo_model.model.19.m.0.cv1.conv,13,99.0
yolo_model.model.19.m.0.cv1.conv,14,131.0
yolo_model.model.19.m.0.cv1.conv,15,52.0
yolo_model.model.19.m.0.cv1.conv,16,97.0
yolo_model.model.19.m.0.cv1.conv,17,28.0
yolo_model.model.19.m.0.cv1.conv,18,7.0
yolo_model.model.19.m.0.cv1.conv,19,0.0
yolo_model.model.19.m.0.cv1.conv,20,0.0
yolo_model.model.19.m.0.cv1.conv,21,7.0
yolo_model.model.19.m.0.cv1.conv,22,8.0
yolo_model.model.19.m.0.cv1.conv,23,11.0
yolo_model.model.19.m.0.cv1.conv,24,66.0
yolo_model.model.19.m.0.cv1.conv,25,44.0
yolo_model.model.19.m.0.cv1.conv,26,204.0
yolo_model.model.19.m.0.cv1.conv,27,6.0
yolo_model.model.19.m.0.cv1.conv,28,21.0
yolo_model.model.19.m.0.cv1.conv,29,42.0
yolo_model.model.19.m.0.cv1.conv,30,0.0
yolo_model.model.19.m.0.cv1.conv,31,0.0
yolo_model.model.19.m.0.cv2.conv,0,0.0
yolo_model.model.19.m.0.cv2.conv,1,0.0
yolo_model.model.19.m.0.cv2.conv,2,0.0
yolo_model.model.19.m.0.cv2.conv,3,0.0
yolo_model.model.19.m.0.cv2.conv,4,0.0
yolo_model.model.19.m.0.cv2.conv,5,0.0
yolo_model.model.19.m.0.cv2.conv,6,0.0
yolo_model.model.19.m.0.cv2.conv,7,0.0
yolo_model.model.19.m.0.cv2.conv,8,10.0
yolo_model.model.19.m.0.cv2.conv,9,0.0
yolo_model.model.19.m.0.cv2.conv,10,0.0
yolo_model.model.19.m.0.cv2.conv,11,35.0
yolo_model.model.19.m.0.cv2.conv,12,0.0
yolo_model.model.19.m.0.cv2.conv,13,0.0
yolo_model.model.19.m.0.cv2.conv,14,17.0
yolo_model.model.19.m.0.cv2.conv,15,0.0
yolo_model.model.19.m.0.cv2.conv,16,0.0
yolo_model.model.19.m.0.cv2.conv,17,0.0
yolo_model.model.19.m.0.cv2.conv,18,0.0
yolo_model.model.19.m.0.cv2.conv,19,0.0
yolo_model.model.19.m.0.cv2.conv,20,0.0
yolo_model.model.19.m.0.cv2.conv,21,0.0
yolo_model.model.19.m.0.cv2.conv,22,0.0
yolo_model.model.19.m.0.cv2.conv,23,0.0
yolo_model.model.19.m.0.cv2.conv,24,0.0
yolo_model.model.19.m.0.cv2.conv,25,0.0
yolo_model.model.19.m.0.cv2.conv,26,0.0
yolo_model.model.19.m.0.cv2.conv,27,0.0
yolo_model.model.19.m.0.cv2.conv,28,0.0
yolo_model.model.19.m.0.cv2.conv,29,26.0
yolo_model.model.19.m.0.cv2.conv,30,0.0
yolo_model.model.19.m.0.cv2.conv,31,0.0
yolo_model.model.19.m.0.cv2.conv,32,88.0
yolo_model.model.19.m.0.cv2.conv,33,0.0
yolo_model.model.19.m.0.cv2.conv,34,0.0
yolo_model.model.19.m.0.cv2.conv,35,0.0
yolo_model.model.19.m.0.cv2.conv,36,0.0
yolo_model.model.19.m.0.cv2.conv,37,0.0
yolo_model.model.19.m.0.cv2.conv,38,0.0
yolo_model.model.19.m.0.cv2.conv,39,8.0
yolo_model.model.19.m.0.cv2.conv,40,135.0
yolo_model.model.19.m.0.cv2.conv,41,0.0
yolo_model.model.19.m.0.cv2.conv,42,0.0
yolo_model.model.19.m.0.cv2.conv,43,0.0
yolo_model.model.19.m.0.cv2.conv,44,0.0
yolo_model.model.19.m.0.cv2.conv,45,12.0
yolo_model.model.19.m.0.cv2.conv,46,8.0
yolo_model.model.19.m.0.cv2.conv,47,0.0
yolo_model.model.19.m.0.cv2.conv,48,7.0
yolo_model.model.19.m.0.cv2.conv,49,51.0
yolo_model.model.19.m.0.cv2.conv,50,0.0
yolo_model.model.19.m.0.cv2.conv,51,0.0
yolo_model.model.19.m.0.cv2.conv,52,0.0
yolo_model.model.19.m.0.cv2.conv,53,0.0
yolo_model.model.19.m.0.cv2.conv,54,0.0
yolo_model.model.19.m.0.cv2.conv,55,0.0
yolo_model.model.19.m.0.cv2.conv,56,0.0
yolo_model.model.19.m.0.cv2.conv,57,0.0
yolo_model.model.19.m.0.cv2.conv,58,0.0
yolo_model.model.19.m.0.cv2.conv,59,0.0
yolo_model.model.19.m.0.cv2.conv,60,0.0
yolo_model.model.19.m.0.cv2.conv,61,0.0
yolo_model.model.19.m.0.cv2.conv,62,0.0
yolo_model.model.19.m.0.cv2.conv,63,8.0
yolo_model.model.2.cv1.conv,0,5.0
yolo_model.model.2.cv1.conv,1,3.0
yolo_model.model.2.cv1.conv,2,20.0
yolo_model.model.2.cv1.conv,3,126.0
yolo_model.model.2.cv1.conv,4,0.0
yolo_model.model.2.cv1.conv,5,0.0
yolo_model.model.2.cv1.conv,6,36.0
yolo_model.model.2.cv1.conv,7,0.0
yolo_model.model.2.cv1.conv,8,262.0
yolo_model.model.2.cv1.conv,9,21.0
yolo_model.model.2.cv1.conv,10,296.0
yolo_model.model.2.cv1.conv,11,0.0
yolo_model.model.2.cv1.conv,12,48.0
yolo_model.model.2.cv1.conv,13,1450.0
yolo_model.model.2.cv1.conv,14,0.0
yolo_model.model.2.cv1.conv,15,137.0
yolo_model.model.2.cv1.conv,16,88.0
yolo_model.model.2.cv1.conv,17,609.0
yolo_model.model.2.cv1.conv,18,16.0
yolo_model.model.2.cv1.conv,19,131.0
yolo_model.model.2.cv1.conv,20,497.0
yolo_model.model.2.cv1.conv,21,0.0
yolo_model.model.2.cv1.conv,22,5420.0
yolo_model.model.2.cv1.conv,23,0.0
yolo_model.model.2.cv1.conv,24,0.0
yolo_model.model.2.cv1.conv,25,3284.0
yolo_model.model.2.cv1.conv,26,10.0
yolo_model.model.2.cv1.conv,27,32.0
yolo_model.model.2.cv1.conv,28,2521.0
yolo_model.model.2.cv1.conv,29,0.0
yolo_model.model.2.cv1.conv,30,1856.0
yolo_model.model.2.cv1.conv,31,1.0
yolo_model.model.2.cv2.conv,0,38.0
yolo_model.model.2.cv2.conv,1,13.0
yolo_model.model.2.cv2.conv,2,0.0
yolo_model.model.2.cv2.conv,3,215.0
yolo_model.model.2.cv2.conv,4,581.0
yolo_model.model.2.cv2.conv,5,26.0
yolo_model.model.2.cv2.conv,6,197.0
yolo_model.model.2.cv2.conv,7,0.0
yolo_model.model.2.cv2.conv,8,28.0
yolo_model.model.2.cv2.conv,9,4.0
yolo_model.model.2.cv2.conv,10,13.0
yolo_model.model.2.cv2.conv,11,13.0
yolo_model.model.2.cv2.conv,12,107.0
yolo_model.model.2.cv2.conv,13,1.0
yolo_model.model.2.cv2.conv,14,0.0
yolo_model.model.2.cv2.conv,15,320.0
yolo_model.model.2.cv2.conv,16,0.0
yolo_model.model.2.cv2.conv,17,0.0
yolo_model.model.2.cv2.conv,18,0.0
yolo_model.model.2.cv2.conv,19,24.0
yolo_model.model.2.cv2.conv,20,77.0
yolo_model.model.2.cv2.conv,21,460.0
yolo_model.model.2.cv2.conv,22,77.0
yolo_model.model.2.cv2.conv,23,0.0
yolo_model.model.2.cv2.conv,24,361.0
yolo_model.model.2.cv2.conv,25,533.0
yolo_model.model.2.cv2.conv,26,5.0
yolo_model.model.2.cv2.conv,27,0.0
yolo_model.model.2.cv2.conv,28,0.0
yolo_model.model.2.cv2.conv,29,176.0
yolo_model.model.2.cv2.conv,30,20.0
yolo_model.model.2.cv2.conv,31,162.0
yolo_model.model.2.cv2.conv,32,208.0
yolo_model.model.2.cv2.conv,33,18.0
yolo_model.model.2.cv2.conv,34,0.0
yolo_model.model.2.cv2.conv,35,0.0
yolo_model.model.2.cv2.conv,36,18.0
yolo_model.model.2.cv2.conv,37,179.0
yolo_model.model.2.cv2.conv,38,0.0
yolo_model.model.2.cv2.conv,39,24.0
yolo_model.model.2.cv2.conv,40,81.0
yolo_model.model.2.cv2.conv,41,15.0
yolo_model.model.2.cv2.conv,42,0.0
yolo_model.model.2.cv2.conv,43,296.0
yolo_model.model.2.cv2.conv,44,384.0
yolo_model.model.2.cv2.conv,45,260.0
yolo_model.model.2.cv2.conv,46,2587.0
yolo_model.model.2.cv2.conv,47,7.0
yolo_model.model.2.cv2.conv,48,438.0
yolo_model.model.2.cv2.conv,49,21.0
yolo_model.model.2.cv2.conv,50,2950.0
yolo_model.model.2.cv2.conv,51,793.0
yolo_model.model.2.cv2.conv,52,0.0
yolo_model.model.2.cv2.conv,53,15.0
yolo_model.model.2.cv2.conv,54,888.0
yolo_model.model.2.cv2.conv,55,15.0
yolo_model.model.2.cv2.conv,56,17.0
yolo_model.model.2.cv2.conv,57,18.0
yolo_model.model.2.cv2.conv,58,13.0
yolo_model.model.2.cv2.conv,59,11.0
yolo_model.model.2.cv2.conv,60,41.0
yolo_model.model.2.cv2.conv,61,238.0
yolo_model.model.2.cv2.conv,62,11.0
yolo_model.model.2.cv2.conv,63,0.0
yolo_model.model.2.m.0.cv1.conv,0,114.0
yolo_model.model.2.m.0.cv1.conv,1,757.0
yolo_model.model.2.m.0.cv1.conv,2,282.0
yolo_model.model.2.m.0.cv1.conv,3,40.0
yolo_model.model.2.m.0.cv1.conv,4,0.0
yolo_model.model.2.m.0.cv1.conv,5,169.0
yolo_model.model.2.m.0.cv1.conv,6,0.0
yolo_model.model.2.m.0.cv1.conv,7,10.0
yolo_model.model.2.m.0.cv2.conv,0,0.0
yolo_model.model.2.m.0.cv2.conv,1,138.0
yolo_model.model.2.m.0.cv2.conv,2,498.0
yolo_model.model.2.m.0.cv2.conv,3,0.0
yolo_model.model.2.m.0.cv2.conv,4,46.0
yolo_model.model.2.m.0.cv2.conv,5,0.0
yolo_model.model.2.m.0.cv2.conv,6,198.0
yolo_model.model.2.m.0.cv2.conv,7,14.0
yolo_model.model.2.m.0.cv2.conv,8,1063.0
yolo_model.model.2.m.0.cv2.conv,9,450.0
yolo_model.model.2.m.0.cv2.conv,10,11.0
yolo_model.model.2.m.0.cv2.conv,11,0.0
yolo_model.model.2.m.0.cv2.conv,12,26.0
yolo_model.model.2.m.0.cv2.conv,13,0.0
yolo_model.model.2.m.0.cv2.conv,14,23.0
yolo_model.model.2.m.0.cv2.conv,15,2.0
yolo_model.model.20.conv,0,0.0
yolo_model.model.20.conv,1,0.0
yolo_model.model.20.conv,2,0.0
yolo_model.model.20.conv,3,0.0
yolo_model.model.20.conv,4,0.0
yolo_model.model.20.conv,5,0.0
yolo_model.model.20.conv,6,0.0
yolo_model.model.20.conv,7,8.0
yolo_model.model.20.conv,8,5.0
yolo_model.model.20.conv,9,0.0
yolo_model.model.20.conv,10,0.0
yolo_model.model.20.conv,11,0.0
yolo_model.model.20.conv,12,0.0
yolo_model.model.20.conv,13,29.0
yolo_model.model.20.conv,14,0.0
yolo_model.model.20.conv,15,0.0
yolo_model.model.20.conv,16,0.0
yolo_model.model.20.conv,17,0.0
yolo_model.model.20.conv,18,0.0
yolo_model.model.20.conv,19,0.0
yolo_model.model.20.conv,20,0.0
yolo_model.model.20.conv,21,0.0
yolo_model.model.20.conv,22,0.0
yolo_model.model.20.conv,23,0.0
yolo_model.model.20.conv,24,0.0
yolo_model.model.20.conv,25,0.0
yolo_model.model.20.conv,26,0.0
yolo_model.model.20.conv,27,0.0
yolo_model.model.20.conv,28,0.0
yolo_model.model.20.conv,29,0.0
yolo_model.model.20.conv,30,0.0
yolo_model.model.20.conv,31,0.0
yolo_model.model.20.conv,32,0.0
yolo_model.model.20.conv,33,0.0
yolo_model.model.20.conv,34,52.0
yolo_model.model.20.conv,35,0.0
yolo_model.model.20.conv,36,0.0
yolo_model.model.20.conv,37,6.0
yolo_model.model.20.conv,38,0.0
yolo_model.model.20.conv,39,0.0
yolo_model.model.20.conv,40,0.0
yolo_model.model.20.conv,41,0.0
yolo_model.model.20.conv,42,0.0
yolo_model.model.20.conv,43,0.0
yolo_model.model.20.conv,44,0.0
yolo_model.model.20.conv,45,0.0
yolo_model.model.20.conv,46,0.0
yolo_model.model.20.conv,47,0.0
yolo_model.model.20.conv,48,383.0
yolo_model.model.20.conv,49,0.0
yolo_model.model.20.conv,50,0.0
yolo_model.model.20.conv,51,3.0
yolo_model.model.20.conv,52,0.0
yolo_model.model.20.conv,53,0.0
yolo_model.model.20.conv,54,0.0
yolo_model.model.20.conv,55,0.0
yolo_model.model.20.conv,56,0.0
yolo_model.model.20.conv,57,0.0
yolo_model.model.20.conv,58,0.0
yolo_model.model.20.conv,59,0.0
yolo_model.model.20.conv,60,0.0
yolo_model.model.20.conv,61,0.0
yolo_model.model.20.conv,62,0.0
yolo_model.model.20.conv,63,0.0
yolo_model.model.20.conv,64,0.0
yolo_model.model.20.conv,65,0.0
yolo_model.model.20.conv,66,0.0
yolo_model.model.20.conv,67,0.0
yolo_model.model.20.conv,68,0.0
yolo_model.model.20.conv,69,0.0
yolo_model.model.20.conv,70,0.0
yolo_model.model.20.conv,71,7.0
yolo_model.model.20.conv,72,0.0
yolo_model.model.20.conv,73,0.0
yolo_model.model.20.conv,74,0.0
yolo_model.model.20.conv,75,0.0
yolo_model.model.20.conv,76,0.0
yolo_model.model.20.conv,77,0.0
yolo_model.model.20.conv,78,0.0
yolo_model.model.20.conv,79,0.0
yolo_model.model.20.conv,80,0.0
yolo_model.model.20.conv,81,0.0
yolo_model.model.20.conv,82,0.0
yolo_model.model.20.conv,83,0.0
yolo_model.model.20.conv,84,0.0
yolo_model.model.20.conv,85,0.0
yolo_model.model.20.conv,86,0.0
yolo_model.model.20.conv,87,7.0
yolo_model.model.20.conv,88,0.0
yolo_model.model.20.conv,89,0.0
yolo_model.model.20.conv,90,0.0
yolo_model.model.20.conv,91,23.0
yolo_model.model.20.conv,92,0.0
yolo_model.model.20.conv,93,0.0
yolo_model.model.20.conv,94,0.0
yolo_model.model.20.conv,95,0.0
yolo_model.model.20.conv,96,0.0
yolo_model.model.20.conv,97,0.0
yolo_model.model.20.conv,98,0.0
yolo_model.model.20.conv,99,0.0
yolo_model.model.20.conv,100,0.0
yolo_model.model.20.conv,101,0.0
yolo_model.model.20.conv,102,0.0
yolo_model.model.20.conv,103,0.0
yolo_model.model.20.conv,104,0.0
yolo_model.model.20.conv,105,0.0
yolo_model.model.20.conv,106,0.0
yolo_model.model.20.conv,107,0.0
yolo_model.model.20.conv,108,0.0
yolo_model.model.20.conv,109,0.0
yolo_model.model.20.conv,110,0.0
yolo_model.model.20.conv,111,0.0
yolo_model.model.20.conv,112,0.0
yolo_model.model.20.conv,113,0.0
yolo_model.model.20.conv,114,0.0
yolo_model.model.20.conv,115,0.0
yolo_model.model.20.conv,116,0.0
yolo_model.model.20.conv,117,0.0
yolo_model.model.20.conv,118,4.0
yolo_model.model.20.conv,119,0.0
yolo_model.model.20.conv,120,0.0
yolo_model.model.20.conv,121,0.0
yolo_model.model.20.conv,122,0.0
yolo_model.model.20.conv,123,0.0
yolo_model.model.20.conv,124,0.0
yolo_model.model.20.conv,125,0.0
yolo_model.model.20.conv,126,0.0
yolo_model.model.20.conv,127,0.0
yolo_model.model.22.cv1.conv,0,0.0
yolo_model.model.22.cv1.conv,1,0.0
yolo_model.model.22.cv1.conv,2,0.0
yolo_model.model.22.cv1.conv,3,0.0
yolo_model.model.22.cv1.conv,4,0.0
yolo_model.model.22.cv1.conv,5,0.0
yolo_model.model.22.cv1.conv,6,0.0
yolo_model.model.22.cv1.conv,7,0.0
yolo_model.model.22.cv1.conv,8,0.0
yolo_model.model.22.cv1.conv,9,0.0
yolo_model.model.22.cv1.conv,10,0.0
yolo_model.model.22.cv1.conv,11,0.0
yolo_model.model.22.cv1.conv,12,0.0
yolo_model.model.22.cv1.conv,13,0.0
yolo_model.model.22.cv1.conv,14,0.0
yolo_model.model.22.cv1.conv,15,0.0
yolo_model.model.22.cv1.conv,16,0.0
yolo_model.model.22.cv1.conv,17,0.0
yolo_model.model.22.cv1.conv,18,0.0
yolo_model.model.22.cv1.conv,19,0.0
yolo_model.model.22.cv1.conv,20,0.0
yolo_model.model.22.cv1.conv,21,0.0
yolo_model.model.22.cv1.conv,22,0.0
yolo_model.model.22.cv1.conv,23,0.0
yolo_model.model.22.cv1.conv,24,0.0
yolo_model.model.22.cv1.conv,25,0.0
yolo_model.model.22.cv1.conv,26,0.0
yolo_model.model.22.cv1.conv,27,0.0
yolo_model.model.22.cv1.conv,28,0.0
yolo_model.model.22.cv1.conv,29,0.0
yolo_model.model.22.cv1.conv,30,0.0
yolo_model.model.22.cv1.conv,31,0.0
yolo_model.model.22.cv1.conv,32,0.0
yolo_model.model.22.cv1.conv,33,0.0
yolo_model.model.22.cv1.conv,34,0.0
yolo_model.model.22.cv1.conv,35,0.0
yolo_model.model.22.cv1.conv,36,0.0
yolo_model.model.22.cv1.conv,37,0.0
yolo_model.model.22.cv1.conv,38,0.0
yolo_model.model.22.cv1.conv,39,0.0
yolo_model.model.22.cv1.conv,40,0.0
yolo_model.model.22.cv1.conv,41,0.0
yolo_model.model.22.cv1.conv,42,0.0
yolo_model.model.22.cv1.conv,43,0.0
yolo_model.model.22.cv1.conv,44,2.0
yolo_model.model.22.cv1.conv,45,0.0
yolo_model.model.22.cv1.conv,46,0.0
yolo_model.model.22.cv1.conv,47,0.0
yolo_model.model.22.cv1.conv,48,0.0
yolo_model.model.22.cv1.conv,49,0.0
yolo_model.model.22.cv1.conv,50,0.0
yolo_model.model.22.cv1.conv,51,0.0
yolo_model.model.22.cv1.conv,52,0.0
yolo_model.model.22.cv1.conv,53,0.0
yolo_model.model.22.cv1.conv,54,0.0
yolo_model.model.22.cv1.conv,55,0.0
yolo_model.model.22.cv1.conv,56,0.0
yolo_model.model.22.cv1.conv,57,0.0
yolo_model.model.22.cv1.conv,58,0.0
yolo_model.model.22.cv1.conv,59,0.0
yolo_model.model.22.cv1.conv,60,0.0
yolo_model.model.22.cv1.conv,61,0.0
yolo_model.model.22.cv1.conv,62,0.0
yolo_model.model.22.cv1.conv,63,0.0
yolo_model.model.22.cv1.conv,64,0.0
yolo_model.model.22.cv1.conv,65,0.0
yolo_model.model.22.cv1.conv,66,0.0
yolo_model.model.22.cv1.conv,67,0.0
yolo_model.model.22.cv1.conv,68,0.0
yolo_model.model.22.cv1.conv,69,4.0
yolo_model.model.22.cv1.conv,70,0.0
yolo_model.model.22.cv1.conv,71,0.0
yolo_model.model.22.cv1.conv,72,0.0
yolo_model.model.22.cv1.conv,73,0.0
yolo_model.model.22.cv1.conv,74,0.0
yolo_model.model.22.cv1.conv,75,0.0
yolo_model.model.22.cv1.conv,76,0.0
yolo_model.model.22.cv1.conv,77,0.0
yolo_model.model.22.cv1.conv,78,0.0
yolo_model.model.22.cv1.conv,79,0.0
yolo_model.model.22.cv1.conv,80,0.0
yolo_model.model.22.cv1.conv,81,0.0
yolo_model.model.22.cv1.conv,82,0.0
yolo_model.model.22.cv1.conv,83,0.0
yolo_model.model.22.cv1.conv,84,0.0
yolo_model.model.22.cv1.conv,85,0.0
yolo_model.model.22.cv1.conv,86,0.0
yolo_model.model.22.cv1.conv,87,0.0
yolo_model.model.22.cv1.conv,88,0.0
yolo_model.model.22.cv1.conv,89,0.0
yolo_model.model.22.cv1.conv,90,0.0
yolo_model.model.22.cv1.conv,91,0.0
yolo_model.model.22.cv1.conv,92,0.0
yolo_model.model.22.cv1.conv,93,0.0
yolo_model.model.22.cv1.conv,94,0.0
yolo_model.model.22.cv1.conv,95,0.0
yolo_model.model.22.cv1.conv,96,0.0
yolo_model.model.22.cv1.conv,97,0.0
yolo_model.model.22.cv1.conv,98,0.0
yolo_model.model.22.cv1.conv,99,0.0
yolo_model.model.22.cv1.conv,100,0.0
yolo_model.model.22.cv1.conv,101,0.0
yolo_model.model.22.cv1.conv,102,0.0
yolo_model.model.22.cv1.conv,103,0.0
yolo_model.model.22.cv1.conv,104,0.0
yolo_model.model.22.cv1.conv,105,55.0
yolo_model.model.22.cv1.conv,106,0.0
yolo_model.model.22.cv1.conv,107,0.0
yolo_model.model.22.cv1.conv,108,0.0
yolo_model.model.22.cv1.conv,109,0.0
yolo_model.model.22.cv1.conv,110,0.0
yolo_model.model.22.cv1.conv,111,0.0
yolo_model.model.22.cv1.conv,112,0.0
yolo_model.model.22.cv1.conv,113,0.0
yolo_model.model.22.cv1.conv,114,45.0
yolo_model.model.22.cv1.conv,115,0.0
yolo_model.model.22.cv1.conv,116,0.0
yolo_model.model.22.cv1.conv,117,0.0
yolo_model.model.22.cv1.conv,118,0.0
yolo_model.model.22.cv1.conv,119,0.0
yolo_model.model.22.cv1.conv,120,0.0
yolo_model.model.22.cv1.conv,121,0.0
yolo_model.model.22.cv1.conv,122,0.0
yolo_model.model.22.cv1.conv,123,0.0
yolo_model.model.22.cv1.conv,124,0.0
yolo_model.model.22.cv1.conv,125,0.0
yolo_model.model.22.cv1.conv,126,0.0
yolo_model.model.22.cv1.conv,127,0.0
yolo_model.model.22.cv1.conv,128,0.0
yolo_model.model.22.cv1.conv,129,0.0
yolo_model.model.22.cv1.conv,130,0.0
yolo_model.model.22.cv1.conv,131,0.0
yolo_model.model.22.cv1.conv,132,0.0
yolo_model.model.22.cv1.conv,133,0.0
yolo_model.model.22.cv1.conv,134,0.0
yolo_model.model.22.cv1.conv,135,19.0
yolo_model.model.22.cv1.conv,136,0.0
yolo_model.model.22.cv1.conv,137,0.0
yolo_model.model.22.cv1.conv,138,0.0
yolo_model.model.22.cv1.conv,139,0.0
yolo_model.model.22.cv1.conv,140,0.0
yolo_model.model.22.cv1.conv,141,19.0
yolo_model.model.22.cv1.conv,142,0.0
yolo_model.model.22.cv1.conv,143,1.0
yolo_model.model.22.cv1.conv,144,5.0
yolo_model.model.22.cv1.conv,145,0.0
yolo_model.model.22.cv1.conv,146,0.0
yolo_model.model.22.cv1.conv,147,0.0
yolo_model.model.22.cv1.conv,148,12.0
yolo_model.model.22.cv1.conv,149,0.0
yolo_model.model.22.cv1.conv,150,0.0
yolo_model.model.22.cv1.conv,151,12.0
yolo_model.model.22.cv1.conv,152,0.0
yolo_model.model.22.cv1.conv,153,0.0
yolo_model.model.22.cv1.conv,154,0.0
yolo_model.model.22.cv1.conv,155,0.0
yolo_model.model.22.cv1.conv,156,0.0
yolo_model.model.22.cv1.conv,157,0.0
yolo_model.model.22.cv1.conv,158,0.0
yolo_model.model.22.cv1.conv,159,0.0
yolo_model.model.22.cv1.conv,160,0.0
yolo_model.model.22.cv1.conv,161,0.0
yolo_model.model.22.cv1.conv,162,2.0
yolo_model.model.22.cv1.conv,163,0.0
yolo_model.model.22.cv1.conv,164,38.0
yolo_model.model.22.cv1.conv,165,0.0
yolo_model.model.22.cv1.conv,166,0.0
yolo_model.model.22.cv1.conv,167,0.0
yolo_model.model.22.cv1.conv,168,0.0
yolo_model.model.22.cv1.conv,169,0.0
yolo_model.model.22.cv1.conv,170,0.0
yolo_model.model.22.cv1.conv,171,6.0
yolo_model.model.22.cv1.conv,172,0.0
yolo_model.model.22.cv1.conv,173,0.0
yolo_model.model.22.cv1.conv,174,0.0
yolo_model.model.22.cv1.conv,175,0.0
yolo_model.model.22.cv1.conv,176,48.0
yolo_model.model.22.cv1.conv,177,0.0
yolo_model.model.22.cv1.conv,178,0.0
yolo_model.model.22.cv1.conv,179,0.0
yolo_model.model.22.cv1.conv,180,0.0
yolo_model.model.22.cv1.conv,181,0.0
yolo_model.model.22.cv1.conv,182,0.0
yolo_model.model.22.cv1.conv,183,6.0
yolo_model.model.22.cv1.conv,184,39.0
yolo_model.model.22.cv1.conv,185,0.0
yolo_model.model.22.cv1.conv,186,0.0
yolo_model.model.22.cv1.conv,187,11.0
yolo_model.model.22.cv1.conv,188,0.0
yolo_model.model.22.cv1.conv,189,0.0
yolo_model.model.22.cv1.conv,190,0.0
yolo_model.model.22.cv1.conv,191,0.0
yolo_model.model.22.cv1.conv,192,0.0
yolo_model.model.22.cv1.conv,193,0.0
yolo_model.model.22.cv1.conv,194,0.0
yolo_model.model.22.cv1.conv,195,0.0
yolo_model.model.22.cv1.conv,196,0.0
yolo_model.model.22.cv1.conv,197,0.0
yolo_model.model.22.cv1.conv,198,0.0
yolo_model.model.22.cv1.conv,199,0.0
yolo_model.model.22.cv1.conv,200,0.0
yolo_model.model.22.cv1.conv,201,1.0
yolo_model.model.22.cv1.conv,202,0.0
yolo_model.model.22.cv1.conv,203,0.0
yolo_model.model.22.cv1.conv,204,0.0
yolo_model.model.22.cv1.conv,205,0.0
yolo_model.model.22.cv1.conv,206,0.0
yolo_model.model.22.cv1.conv,207,0.0
yolo_model.model.22.cv1.conv,208,0.0
yolo_model.model.22.cv1.conv,209,0.0
yolo_model.model.22.cv1.conv,210,0.0
yolo_model.model.22.cv1.conv,211,0.0
yolo_model.model.22.cv1.conv,212,0.0
yolo_model.model.22.cv1.conv,213,0.0
yolo_model.model.22.cv1.conv,214,0.0
yolo_model.model.22.cv1.conv,215,0.0
yolo_model.model.22.cv1.conv,216,0.0
yolo_model.model.22.cv1.conv,217,0.0
yolo_model.model.22.cv1.conv,218,0.0
yolo_model.model.22.cv1.conv,219,0.0
yolo_model.model.22.cv1.conv,220,0.0
yolo_model.model.22.cv1.conv,221,0.0
yolo_model.model.22.cv1.conv,222,0.0
yolo_model.model.22.cv1.conv,223,0.0
yolo_model.model.22.cv1.conv,224,0.0
yolo_model.model.22.cv1.conv,225,0.0
yolo_model.model.22.cv1.conv,226,0.0
yolo_model.model.22.cv1.conv,227,0.0
yolo_model.model.22.cv1.conv,228,0.0
yolo_model.model.22.cv1.conv,229,0.0
yolo_model.model.22.cv1.conv,230,0.0
yolo_model.model.22.cv1.conv,231,0.0
yolo_model.model.22.cv1.conv,232,0.0
yolo_model.model.22.cv1.conv,233,0.0
yolo_model.model.22.cv1.conv,234,7.0
yolo_model.model.22.cv1.conv,235,0.0
yolo_model.model.22.cv1.conv,236,3.0
yolo_model.model.22.cv1.conv,237,0.0
yolo_model.model.22.cv1.conv,238,0.0
yolo_model.model.22.cv1.conv,239,0.0
yolo_model.model.22.cv1.conv,240,0.0
yolo_model.model.22.cv1.conv,241,0.0
yolo_model.model.22.cv1.conv,242,0.0
yolo_model.model.22.cv1.conv,243,0.0
yolo_model.model.22.cv1.conv,244,0.0
yolo_model.model.22.cv1.conv,245,0.0
yolo_model.model.22.cv1.conv,246,0.0
yolo_model.model.22.cv1.conv,247,0.0
yolo_model.model.22.cv1.conv,248,0.0
yolo_model.model.22.cv1.conv,249,0.0
yolo_model.model.22.cv1.conv,250,26.0
yolo_model.model.22.cv1.conv,251,0.0
yolo_model.model.22.cv1.conv,252,0.0
yolo_model.model.22.cv1.conv,253,0.0
yolo_model.model.22.cv1.conv,254,1.0
yolo_model.model.22.cv1.conv,255,13.0
yolo_model.model.22.cv2.conv,0,0.0
yolo_model.model.22.cv2.conv,1,0.0
yolo_model.model.22.cv2.conv,2,0.0
yolo_model.model.22.cv2.conv,3,0.0
yolo_model.model.22.cv2.conv,4,0.0
yolo_model.model.22.cv2.conv,5,0.0
yolo_model.model.22.cv2.conv,6,0.0
yolo_model.model.22.cv2.conv,7,0.0
yolo_model.model.22.cv2.conv,8,0.0
yolo_model.model.22.cv2.conv,9,0.0
yolo_model.model.22.cv2.conv,10,0.0
yolo_model.model.22.cv2.conv,11,0.0
yolo_model.model.22.cv2.conv,12,0.0
yolo_model.model.22.cv2.conv,13,14.0
yolo_model.model.22.cv2.conv,14,0.0
yolo_model.model.22.cv2.conv,15,0.0
yolo_model.model.22.cv2.conv,16,0.0
yolo_model.model.22.cv2.conv,17,0.0
yolo_model.model.22.cv2.conv,18,0.0
yolo_model.model.22.cv2.conv,19,0.0
yolo_model.model.22.cv2.conv,20,0.0
yolo_model.model.22.cv2.conv,21,0.0
yolo_model.model.22.cv2.conv,22,0.0
yolo_model.model.22.cv2.conv,23,0.0
yolo_model.model.22.cv2.conv,24,0.0
yolo_model.model.22.cv2.conv,25,0.0
yolo_model.model.22.cv2.conv,26,0.0
yolo_model.model.22.cv2.conv,27,0.0
yolo_model.model.22.cv2.conv,28,0.0
yolo_model.model.22.cv2.conv,29,0.0
yolo_model.model.22.cv2.conv,30,0.0
yolo_model.model.22.cv2.conv,31,0.0
yolo_model.model.22.cv2.conv,32,0.0
yolo_model.model.22.cv2.conv,33,0.0
yolo_model.model.22.cv2.conv,34,0.0
yolo_model.model.22.cv2.conv,35,0.0
yolo_model.model.22.cv2.conv,36,0.0
yolo_model.model.22.cv2.conv,37,0.0
yolo_model.model.22.cv2.conv,38,0.0
yolo_model.model.22.cv2.conv,39,0.0
yolo_model.model.22.cv2.conv,40,0.0
yolo_model.model.22.cv2.conv,41,0.0
yolo_model.model.22.cv2.conv,42,0.0
yolo_model.model.22.cv2.conv,43,0.0
yolo_model.model.22.cv2.conv,44,0.0
yolo_model.model.22.cv2.conv,45,0.0
yolo_model.model.22.cv2.conv,46,0.0
yolo_model.model.22.cv2.conv,47,0.0
yolo_model.model.22.cv2.conv,48,0.0
yolo_model.model.22.cv2.conv,49,0.0
yolo_model.model.22.cv2.conv,50,0.0
yolo_model.model.22.cv2.conv,51,0.0
yolo_model.model.22.cv2.conv,52,0.0
yolo_model.model.22.cv2.conv,53,0.0
yolo_model.model.22.cv2.conv,54,0.0
yolo_model.model.22.cv2.conv,55,0.0
yolo_model.model.22.cv2.conv,56,0.0
yolo_model.model.22.cv2.conv,57,0.0
yolo_model.model.22.cv2.conv,58,0.0
yolo_model.model.22.cv2.conv,59,0.0
yolo_model.model.22.cv2.conv,60,0.0
yolo_model.model.22.cv2.conv,61,0.0
yolo_model.model.22.cv2.conv,62,0.0
yolo_model.model.22.cv2.conv,63,0.0
yolo_model.model.22.cv2.conv,64,0.0
yolo_model.model.22.cv2.conv,65,0.0
yolo_model.model.22.cv2.conv,66,0.0
yolo_model.model.22.cv2.conv,67,0.0
yolo_model.model.22.cv2.conv,68,0.0
yolo_model.model.22.cv2.conv,69,0.0
yolo_model.model.22.cv2.conv,70,0.0
yolo_model.model.22.cv2.conv,71,0.0
yolo_model.model.22.cv2.conv,72,0.0
yolo_model.model.22.cv2.conv,73,0.0
yolo_model.model.22.cv2.conv,74,0.0
yolo_model.model.22.cv2.conv,75,0.0
yolo_model.model.22.cv2.conv,76,0.0
yolo_model.model.22.cv2.conv,77,0.0
yolo_model.model.22.cv2.conv,78,0.0
yolo_model.model.22.cv2.conv,79,0.0
yolo_model.model.22.cv2.conv,80,0.0
yolo_model.model.22.cv2.conv,81,0.0
yolo_model.model.22.cv2.conv,82,0.0
yolo_model.model.22.cv2.conv,83,0.0
yolo_model.model.22.cv2.conv,84,0.0
yolo_model.model.22.cv2.conv,85,0.0
yolo_model.model.22.cv2.conv,86,0.0
yolo_model.model.22.cv2.conv,87,0.0
yolo_model.model.22.cv2.conv,88,0.0
yolo_model.model.22.cv2.conv,89,0.0
yolo_model.model.22.cv2.conv,90,2.0
yolo_model.model.22.cv2.conv,91,0.0
yolo_model.model.22.cv2.conv,92,0.0
yolo_model.model.22.cv2.conv,93,0.0
yolo_model.model.22.cv2.conv,94,0.0
yolo_model.model.22.cv2.conv,95,0.0
yolo_model.model.22.cv2.conv,96,0.0
yolo_model.model.22.cv2.conv,97,137.0
yolo_model.model.22.cv2.conv,98,0.0
yolo_model.model.22.cv2.conv,99,0.0
yolo_model.model.22.cv2.conv,100,0.0
yolo_model.model.22.cv2.conv,101,0.0
yolo_model.model.22.cv2.conv,102,2.0
yolo_model.model.22.cv2.conv,103,0.0
yolo_model.model.22.cv2.conv,104,0.0
yolo_model.model.22.cv2.conv,105,0.0
yolo_model.model.22.cv2.conv,106,0.0
yolo_model.model.22.cv2.conv,107,0.0
yolo_model.model.22.cv2.conv,108,0.0
yolo_model.model.22.cv2.conv,109,0.0
yolo_model.model.22.cv2.conv,110,0.0
yolo_model.model.22.cv2.conv,111,0.0
yolo_model.model.22.cv2.conv,112,0.0
yolo_model.model.22.cv2.conv,113,0.0
yolo_model.model.22.cv2.conv,114,0.0
yolo_model.model.22.cv2.conv,115,0.0
yolo_model.model.22.cv2.conv,116,0.0
yolo_model.model.22.cv2.conv,117,0.0
yolo_model.model.22.cv2.conv,118,0.0
yolo_model.model.22.cv2.conv,119,0.0
yolo_model.model.22.cv2.conv,120,0.0
yolo_model.model.22.cv2.conv,121,0.0
yolo_model.model.22.cv2.conv,122,0.0
yolo_model.model.22.cv2.conv,123,0.0
yolo_model.model.22.cv2.conv,124,0.0
yolo_model.model.22.cv2.conv,125,0.0
yolo_model.model.22.cv2.conv,126,0.0
yolo_model.model.22.cv2.conv,127,0.0
yolo_model.model.22.cv2.conv,128,0.0
yolo_model.model.22.cv2.conv,129,0.0
yolo_model.model.22.cv2.conv,130,0.0
yolo_model.model.22.cv2.conv,131,0.0
yolo_model.model.22.cv2.conv,132,0.0
yolo_model.model.22.cv2.conv,133,0.0
yolo_model.model.22.cv2.conv,134,0.0
yolo_model.model.22.cv2.conv,135,0.0
yolo_model.model.22.cv2.conv,136,0.0
yolo_model.model.22.cv2.conv,137,0.0
yolo_model.model.22.cv2.conv,138,0.0
yolo_model.model.22.cv2.conv,139,0.0
yolo_model.model.22.cv2.conv,140,0.0
yolo_model.model.22.cv2.conv,141,0.0
yolo_model.model.22.cv2.conv,142,0.0
yolo_model.model.22.cv2.conv,143,0.0
yolo_model.model.22.cv2.conv,144,0.0
yolo_model.model.22.cv2.conv,145,0.0
yolo_model.model.22.cv2.conv,146,0.0
yolo_model.model.22.cv2.conv,147,0.0
yolo_model.model.22.cv2.conv,148,0.0
yolo_model.model.22.cv2.conv,149,0.0
yolo_model.model.22.cv2.conv,150,0.0
yolo_model.model.22.cv2.conv,151,0.0
yolo_model.model.22.cv2.conv,152,0.0
yolo_model.model.22.cv2.conv,153,0.0
yolo_model.model.22.cv2.conv,154,0.0
yolo_model.model.22.cv2.conv,155,0.0
yolo_model.model.22.cv2.conv,156,0.0
yolo_model.model.22.cv2.conv,157,0.0
yolo_model.model.22.cv2.conv,158,0.0
yolo_model.model.22.cv2.conv,159,0.0
yolo_model.model.22.cv2.conv,160,0.0
yolo_model.model.22.cv2.conv,161,2.0
yolo_model.model.22.cv2.conv,162,0.0
yolo_model.model.22.cv2.conv,163,0.0
yolo_model.model.22.cv2.conv,164,0.0
yolo_model.model.22.cv2.conv,165,0.0
yolo_model.model.22.cv2.conv,166,0.0
yolo_model.model.22.cv2.conv,167,0.0
yolo_model.model.22.cv2.conv,168,0.0
yolo_model.model.22.cv2.conv,169,0.0
yolo_model.model.22.cv2.conv,170,0.0
yolo_model.model.22.cv2.conv,171,0.0
yolo_model.model.22.cv2.conv,172,0.0
yolo_model.model.22.cv2.conv,173,0.0
yolo_model.model.22.cv2.conv,174,0.0
yolo_model.model.22.cv2.conv,175,0.0
yolo_model.model.22.cv2.conv,176,0.0
yolo_model.model.22.cv2.conv,177,0.0
yolo_model.model.22.cv2.conv,178,0.0
yolo_model.model.22.cv2.conv,179,0.0
yolo_model.model.22.cv2.conv,180,0.0
yolo_model.model.22.cv2.conv,181,0.0
yolo_model.model.22.cv2.conv,182,0.0
yolo_model.model.22.cv2.conv,183,0.0
yolo_model.model.22.cv2.conv,184,0.0
yolo_model.model.22.cv2.conv,185,0.0
yolo_model.model.22.cv2.conv,186,0.0
yolo_model.model.22.cv2.conv,187,0.0
yolo_model.model.22.cv2.conv,188,1.0
yolo_model.model.22.cv2.conv,189,0.0
yolo_model.model.22.cv2.conv,190,0.0
yolo_model.model.22.cv2.conv,191,0.0
yolo_model.model.22.cv2.conv,192,0.0
yolo_model.model.22.cv2.conv,193,0.0
yolo_model.model.22.cv2.conv,194,0.0
yolo_model.model.22.cv2.conv,195,0.0
yolo_model.model.22.cv2.conv,196,0.0
yolo_model.model.22.cv2.conv,197,0.0
yolo_model.model.22.cv2.conv,198,0.0
yolo_model.model.22.cv2.conv,199,0.0
yolo_model.model.22.cv2.conv,200,0.0
yolo_model.model.22.cv2.conv,201,672.0
yolo_model.model.22.cv2.conv,202,0.0
yolo_model.model.22.cv2.conv,203,0.0
yolo_model.model.22.cv2.conv,204,0.0
yolo_model.model.22.cv2.conv,205,78.0
yolo_model.model.22.cv2.conv,206,0.0
yolo_model.model.22.cv2.conv,207,0.0
yolo_model.model.22.cv2.conv,208,0.0
yolo_model.model.22.cv2.conv,209,0.0
yolo_model.model.22.cv2.conv,210,0.0
yolo_model.model.22.cv2.conv,211,0.0
yolo_model.model.22.cv2.conv,212,0.0
yolo_model.model.22.cv2.conv,213,0.0
yolo_model.model.22.cv2.conv,214,0.0
yolo_model.model.22.cv2.conv,215,0.0
yolo_model.model.22.cv2.conv,216,0.0
yolo_model.model.22.cv2.conv,217,12.0
yolo_model.model.22.cv2.conv,218,0.0
yolo_model.model.22.cv2.conv,219,0.0
yolo_model.model.22.cv2.conv,220,0.0
yolo_model.model.22.cv2.conv,221,0.0
yolo_model.model.22.cv2.conv,222,0.0
yolo_model.model.22.cv2.conv,223,0.0
yolo_model.model.22.cv2.conv,224,0.0
yolo_model.model.22.cv2.conv,225,0.0
yolo_model.model.22.cv2.conv,226,0.0
yolo_model.model.22.cv2.conv,227,0.0
yolo_model.model.22.cv2.conv,228,0.0
yolo_model.model.22.cv2.conv,229,0.0
yolo_model.model.22.cv2.conv,230,0.0
yolo_model.model.22.cv2.conv,231,8.0
yolo_model.model.22.cv2.conv,232,0.0
yolo_model.model.22.cv2.conv,233,0.0
yolo_model.model.22.cv2.conv,234,0.0
yolo_model.model.22.cv2.conv,235,0.0
yolo_model.model.22.cv2.conv,236,0.0
yolo_model.model.22.cv2.conv,237,0.0
yolo_model.model.22.cv2.conv,238,0.0
yolo_model.model.22.cv2.conv,239,0.0
yolo_model.model.22.cv2.conv,240,0.0
yolo_model.model.22.cv2.conv,241,228.0
yolo_model.model.22.cv2.conv,242,0.0
yolo_model.model.22.cv2.conv,243,0.0
yolo_model.model.22.cv2.conv,244,0.0
yolo_model.model.22.cv2.conv,245,0.0
yolo_model.model.22.cv2.conv,246,0.0
yolo_model.model.22.cv2.conv,247,0.0
yolo_model.model.22.cv2.conv,248,0.0
yolo_model.model.22.cv2.conv,249,0.0
yolo_model.model.22.cv2.conv,250,0.0
yolo_model.model.22.cv2.conv,251,0.0
yolo_model.model.22.cv2.conv,252,0.0
yolo_model.model.22.cv2.conv,253,0.0
yolo_model.model.22.cv2.conv,254,0.0
yolo_model.model.22.cv2.conv,255,0.0
yolo_model.model.22.m.0.cv1.conv,0,0.0
yolo_model.model.22.m.0.cv1.conv,1,0.0
yolo_model.model.22.m.0.cv1.conv,2,0.0
yolo_model.model.22.m.0.cv1.conv,3,0.0
yolo_model.model.22.m.0.cv1.conv,4,0.0
yolo_model.model.22.m.0.cv1.conv,5,0.0
yolo_model.model.22.m.0.cv1.conv,6,0.0
yolo_model.model.22.m.0.cv1.conv,7,0.0
yolo_model.model.22.m.0.cv1.conv,8,0.0
yolo_model.model.22.m.0.cv1.conv,9,4.0
yolo_model.model.22.m.0.cv1.conv,10,0.0
yolo_model.model.22.m.0.cv1.conv,11,0.0
yolo_model.model.22.m.0.cv1.conv,12,0.0
yolo_model.model.22.m.0.cv1.conv,13,0.0
yolo_model.model.22.m.0.cv1.conv,14,0.0
yolo_model.model.22.m.0.cv1.conv,15,0.0
yolo_model.model.22.m.0.cv1.conv,16,0.0
yolo_model.model.22.m.0.cv1.conv,17,0.0
yolo_model.model.22.m.0.cv1.conv,18,0.0
yolo_model.model.22.m.0.cv1.conv,19,14.0
yolo_model.model.22.m.0.cv1.conv,20,0.0
yolo_model.model.22.m.0.cv1.conv,21,0.0
yolo_model.model.22.m.0.cv1.conv,22,0.0
yolo_model.model.22.m.0.cv1.conv,23,0.0
yolo_model.model.22.m.0.cv1.conv,24,0.0
yolo_model.model.22.m.0.cv1.conv,25,0.0
yolo_model.model.22.m.0.cv1.conv,26,0.0
yolo_model.model.22.m.0.cv1.conv,27,0.0
yolo_model.model.22.m.0.cv1.conv,28,0.0
yolo_model.model.22.m.0.cv1.conv,29,0.0
yolo_model.model.22.m.0.cv1.conv,30,0.0
yolo_model.model.22.m.0.cv1.conv,31,0.0
yolo_model.model.22.m.0.cv1.conv,32,0.0
yolo_model.model.22.m.0.cv1.conv,33,0.0
yolo_model.model.22.m.0.cv1.conv,34,0.0
yolo_model.model.22.m.0.cv1.conv,35,0.0
yolo_model.model.22.m.0.cv1.conv,36,32.0
yolo_model.model.22.m.0.cv1.conv,37,0.0
yolo_model.model.22.m.0.cv1.conv,38,0.0
yolo_model.model.22.m.0.cv1.conv,39,0.0
yolo_model.model.22.m.0.cv1.conv,40,0.0
yolo_model.model.22.m.0.cv1.conv,41,0.0
yolo_model.model.22.m.0.cv1.conv,42,0.0
yolo_model.model.22.m.0.cv1.conv,43,0.0
yolo_model.model.22.m.0.cv1.conv,44,0.0
yolo_model.model.22.m.0.cv1.conv,45,0.0
yolo_model.model.22.m.0.cv1.conv,46,0.0
yolo_model.model.22.m.0.cv1.conv,47,0.0
yolo_model.model.22.m.0.cv1.conv,48,0.0
yolo_model.model.22.m.0.cv1.conv,49,0.0
yolo_model.model.22.m.0.cv1.conv,50,0.0
yolo_model.model.22.m.0.cv1.conv,51,0.0
yolo_model.model.22.m.0.cv1.conv,52,0.0
yolo_model.model.22.m.0.cv1.conv,53,0.0
yolo_model.model.22.m.0.cv1.conv,54,0.0
yolo_model.model.22.m.0.cv1.conv,55,0.0
yolo_model.model.22.m.0.cv1.conv,56,0.0
yolo_model.model.22.m.0.cv1.conv,57,0.0
yolo_model.model.22.m.0.cv1.conv,58,0.0
yolo_model.model.22.m.0.cv1.conv,59,0.0
yolo_model.model.22.m.0.cv1.conv,60,0.0
yolo_model.model.22.m.0.cv1.conv,61,0.0
yolo_model.model.22.m.0.cv1.conv,62,0.0
yolo_model.model.22.m.0.cv1.conv,63,8.0
yolo_model.model.22.m.0.cv2.conv,0,0.0
yolo_model.model.22.m.0.cv2.conv,1,0.0
yolo_model.model.22.m.0.cv2.conv,2,0.0
yolo_model.model.22.m.0.cv2.conv,3,0.0
yolo_model.model.22.m.0.cv2.conv,4,0.0
yolo_model.model.22.m.0.cv2.conv,5,0.0
yolo_model.model.22.m.0.cv2.conv,6,0.0
yolo_model.model.22.m.0.cv2.conv,7,0.0
yolo_model.model.22.m.0.cv2.conv,8,0.0
yolo_model.model.22.m.0.cv2.conv,9,0.0
yolo_model.model.22.m.0.cv2.conv,10,0.0
yolo_model.model.22.m.0.cv2.conv,11,0.0
yolo_model.model.22.m.0.cv2.conv,12,0.0
yolo_model.model.22.m.0.cv2.conv,13,0.0
yolo_model.model.22.m.0.cv2.conv,14,0.0
yolo_model.model.22.m.0.cv2.conv,15,0.0
yolo_model.model.22.m.0.cv2.conv,16,0.0
yolo_model.model.22.m.0.cv2.conv,17,0.0
yolo_model.model.22.m.0.cv2.conv,18,0.0
yolo_model.model.22.m.0.cv2.conv,19,0.0
yolo_model.model.22.m.0.cv2.conv,20,0.0
yolo_model.model.22.m.0.cv2.conv,21,0.0
yolo_model.model.22.m.0.cv2.conv,22,0.0
yolo_model.model.22.m.0.cv2.conv,23,0.0
yolo_model.model.22.m.0.cv2.conv,24,0.0
yolo_model.model.22.m.0.cv2.conv,25,0.0
yolo_model.model.22.m.0.cv2.conv,26,0.0
yolo_model.model.22.m.0.cv2.conv,27,0.0
yolo_model.model.22.m.0.cv2.conv,28,0.0
yolo_model.model.22.m.0.cv2.conv,29,0.0
yolo_model.model.22.m.0.cv2.conv,30,0.0
yolo_model.model.22.m.0.cv2.conv,31,0.0
yolo_model.model.22.m.0.cv2.conv,32,0.0
yolo_model.model.22.m.0.cv2.conv,33,0.0
yolo_model.model.22.m.0.cv2.conv,34,0.0
yolo_model.model.22.m.0.cv2.conv,35,0.0
yolo_model.model.22.m.0.cv2.conv,36,0.0
yolo_model.model.22.m.0.cv2.conv,37,0.0
yolo_model.model.22.m.0.cv2.conv,38,0.0
yolo_model.model.22.m.0.cv2.conv,39,0.0
yolo_model.model.22.m.0.cv2.conv,40,0.0
yolo_model.model.22.m.0.cv2.conv,41,0.0
yolo_model.model.22.m.0.cv2.conv,42,0.0
yolo_model.model.22.m.0.cv2.conv,43,0.0
yolo_model.model.22.m.0.cv2.conv,44,0.0
yolo_model.model.22.m.0.cv2.conv,45,0.0
yolo_model.model.22.m.0.cv2.conv,46,0.0
yolo_model.model.22.m.0.cv2.conv,47,0.0
yolo_model.model.22.m.0.cv2.conv,48,0.0
yolo_model.model.22.m.0.cv2.conv,49,0.0
yolo_model.model.22.m.0.cv2.conv,50,0.0
yolo_model.model.22.m.0.cv2.conv,51,0.0
yolo_model.model.22.m.0.cv2.conv,52,0.0
yolo_model.model.22.m.0.cv2.conv,53,0.0
yolo_model.model.22.m.0.cv2.conv,54,0.0
yolo_model.model.22.m.0.cv2.conv,55,0.0
yolo_model.model.22.m.0.cv2.conv,56,0.0
yolo_model.model.22.m.0.cv2.conv,57,0.0
yolo_model.model.22.m.0.cv2.conv,58,0.0
yolo_model.model.22.m.0.cv2.conv,59,0.0
yolo_model.model.22.m.0.cv2.conv,60,0.0
yolo_model.model.22.m.0.cv2.conv,61,0.0
yolo_model.model.22.m.0.cv2.conv,62,0.0
yolo_model.model.22.m.0.cv2.conv,63,0.0
yolo_model.model.22.m.0.cv3.conv,0,0.0
yolo_model.model.22.m.0.cv3.conv,1,0.0
yolo_model.model.22.m.0.cv3.conv,2,0.0
yolo_model.model.22.m.0.cv3.conv,3,0.0
yolo_model.model.22.m.0.cv3.conv,4,0.0
yolo_model.model.22.m.0.cv3.conv,5,0.0
yolo_model.model.22.m.0.cv3.conv,6,0.0
yolo_model.model.22.m.0.cv3.conv,7,0.0
yolo_model.model.22.m.0.cv3.conv,8,0.0
yolo_model.model.22.m.0.cv3.conv,9,0.0
yolo_model.model.22.m.0.cv3.conv,10,0.0
yolo_model.model.22.m.0.cv3.conv,11,0.0
yolo_model.model.22.m.0.cv3.conv,12,0.0
yolo_model.model.22.m.0.cv3.conv,13,0.0
yolo_model.model.22.m.0.cv3.conv,14,0.0
yolo_model.model.22.m.0.cv3.conv,15,0.0
yolo_model.model.22.m.0.cv3.conv,16,0.0
yolo_model.model.22.m.0.cv3.conv,17,0.0
yolo_model.model.22.m.0.cv3.conv,18,0.0
yolo_model.model.22.m.0.cv3.conv,19,0.0
yolo_model.model.22.m.0.cv3.conv,20,0.0
yolo_model.model.22.m.0.cv3.conv,21,0.0
yolo_model.model.22.m.0.cv3.conv,22,0.0
yolo_model.model.22.m.0.cv3.conv,23,0.0
yolo_model.model.22.m.0.cv3.conv,24,0.0
yolo_model.model.22.m.0.cv3.conv,25,0.0
yolo_model.model.22.m.0.cv3.conv,26,0.0
yolo_model.model.22.m.0.cv3.conv,27,0.0
yolo_model.model.22.m.0.cv3.conv,28,57.0
yolo_model.model.22.m.0.cv3.conv,29,0.0
yolo_model.model.22.m.0.cv3.conv,30,0.0
yolo_model.model.22.m.0.cv3.conv,31,0.0
yolo_model.model.22.m.0.cv3.conv,32,0.0
yolo_model.model.22.m.0.cv3.conv,33,0.0
yolo_model.model.22.m.0.cv3.conv,34,0.0
yolo_model.model.22.m.0.cv3.conv,35,0.0
yolo_model.model.22.m.0.cv3.conv,36,16.0
yolo_model.model.22.m.0.cv3.conv,37,0.0
yolo_model.model.22.m.0.cv3.conv,38,20.0
yolo_model.model.22.m.0.cv3.conv,39,0.0
yolo_model.model.22.m.0.cv3.conv,40,0.0
yolo_model.model.22.m.0.cv3.conv,41,0.0
yolo_model.model.22.m.0.cv3.conv,42,0.0
yolo_model.model.22.m.0.cv3.conv,43,0.0
yolo_model.model.22.m.0.cv3.conv,44,0.0
yolo_model.model.22.m.0.cv3.conv,45,0.0
yolo_model.model.22.m.0.cv3.conv,46,0.0
yolo_model.model.22.m.0.cv3.conv,47,0.0
yolo_model.model.22.m.0.cv3.conv,48,0.0
yolo_model.model.22.m.0.cv3.conv,49,0.0
yolo_model.model.22.m.0.cv3.conv,50,0.0
yolo_model.model.22.m.0.cv3.conv,51,7.0
yolo_model.model.22.m.0.cv3.conv,52,0.0
yolo_model.model.22.m.0.cv3.conv,53,0.0
yolo_model.model.22.m.0.cv3.conv,54,0.0
yolo_model.model.22.m.0.cv3.conv,55,0.0
yolo_model.model.22.m.0.cv3.conv,56,0.0
yolo_model.model.22.m.0.cv3.conv,57,0.0
yolo_model.model.22.m.0.cv3.conv,58,0.0
yolo_model.model.22.m.0.cv3.conv,59,0.0
yolo_model.model.22.m.0.cv3.conv,60,0.0
yolo_model.model.22.m.0.cv3.conv,61,0.0
yolo_model.model.22.m.0.cv3.conv,62,0.0
yolo_model.model.22.m.0.cv3.conv,63,0.0
yolo_model.model.22.m.0.cv3.conv,64,0.0
yolo_model.model.22.m.0.cv3.conv,65,0.0
yolo_model.model.22.m.0.cv3.conv,66,0.0
yolo_model.model.22.m.0.cv3.conv,67,0.0
yolo_model.model.22.m.0.cv3.conv,68,0.0
yolo_model.model.22.m.0.cv3.conv,69,0.0
yolo_model.model.22.m.0.cv3.conv,70,0.0
yolo_model.model.22.m.0.cv3.conv,71,0.0
yolo_model.model.22.m.0.cv3.conv,72,0.0
yolo_model.model.22.m.0.cv3.conv,73,0.0
yolo_model.model.22.m.0.cv3.conv,74,0.0
yolo_model.model.22.m.0.cv3.conv,75,0.0
yolo_model.model.22.m.0.cv3.conv,76,0.0
yolo_model.model.22.m.0.cv3.conv,77,0.0
yolo_model.model.22.m.0.cv3.conv,78,0.0
yolo_model.model.22.m.0.cv3.conv,79,2.0
yolo_model.model.22.m.0.cv3.conv,80,0.0
yolo_model.model.22.m.0.cv3.conv,81,0.0
yolo_model.model.22.m.0.cv3.conv,82,0.0
yolo_model.model.22.m.0.cv3.conv,83,0.0
yolo_model.model.22.m.0.cv3.conv,84,0.0
yolo_model.model.22.m.0.cv3.conv,85,0.0
yolo_model.model.22.m.0.cv3.conv,86,0.0
yolo_model.model.22.m.0.cv3.conv,87,0.0
yolo_model.model.22.m.0.cv3.conv,88,0.0
yolo_model.model.22.m.0.cv3.conv,89,0.0
yolo_model.model.22.m.0.cv3.conv,90,0.0
yolo_model.model.22.m.0.cv3.conv,91,0.0
yolo_model.model.22.m.0.cv3.conv,92,0.0
yolo_model.model.22.m.0.cv3.conv,93,0.0
yolo_model.model.22.m.0.cv3.conv,94,0.0
yolo_model.model.22.m.0.cv3.conv,95,0.0
yolo_model.model.22.m.0.cv3.conv,96,0.0
yolo_model.model.22.m.0.cv3.conv,97,0.0
yolo_model.model.22.m.0.cv3.conv,98,0.0
yolo_model.model.22.m.0.cv3.conv,99,0.0
yolo_model.model.22.m.0.cv3.conv,100,0.0
yolo_model.model.22.m.0.cv3.conv,101,0.0
yolo_model.model.22.m.0.cv3.conv,102,0.0
yolo_model.model.22.m.0.cv3.conv,103,0.0
yolo_model.model.22.m.0.cv3.conv,104,0.0
yolo_model.model.22.m.0.cv3.conv,105,0.0
yolo_model.model.22.m.0.cv3.conv,106,0.0
yolo_model.model.22.m.0.cv3.conv,107,0.0
yolo_model.model.22.m.0.cv3.conv,108,0.0
yolo_model.model.22.m.0.cv3.conv,109,0.0
yolo_model.model.22.m.0.cv3.conv,110,0.0
yolo_model.model.22.m.0.cv3.conv,111,0.0
yolo_model.model.22.m.0.cv3.conv,112,0.0
yolo_model.model.22.m.0.cv3.conv,113,0.0
yolo_model.model.22.m.0.cv3.conv,114,0.0
yolo_model.model.22.m.0.cv3.conv,115,0.0
yolo_model.model.22.m.0.cv3.conv,116,3.0
yolo_model.model.22.m.0.cv3.conv,117,0.0
yolo_model.model.22.m.0.cv3.conv,118,0.0
yolo_model.model.22.m.0.cv3.conv,119,0.0
yolo_model.model.22.m.0.cv3.conv,120,0.0
yolo_model.model.22.m.0.cv3.conv,121,18.0
yolo_model.model.22.m.0.cv3.conv,122,0.0
yolo_model.model.22.m.0.cv3.conv,123,0.0
yolo_model.model.22.m.0.cv3.conv,124,0.0
yolo_model.model.22.m.0.cv3.conv,125,0.0
yolo_model.model.22.m.0.cv3.conv,126,17.0
yolo_model.model.22.m.0.cv3.conv,127,0.0
yolo_model.model.22.m.0.m.0.cv1.conv,0,0.0
yolo_model.model.22.m.0.m.0.cv1.conv,1,7.0
yolo_model.model.22.m.0.m.0.cv1.conv,2,6.0
yolo_model.model.22.m.0.m.0.cv1.conv,3,0.0
yolo_model.model.22.m.0.m.0.cv1.conv,4,80.0
yolo_model.model.22.m.0.m.0.cv1.conv,5,0.0
yolo_model.model.22.m.0.m.0.cv1.conv,6,28.0
yolo_model.model.22.m.0.m.0.cv1.conv,7,0.0
yolo_model.model.22.m.0.m.0.cv1.conv,8,48.0
yolo_model.model.22.m.0.m.0.cv1.conv,9,13.0
yolo_model.model.22.m.0.m.0.cv1.conv,10,6.0
yolo_model.model.22.m.0.m.0.cv1.conv,11,0.0
yolo_model.model.22.m.0.m.0.cv1.conv,12,0.0
yolo_model.model.22.m.0.m.0.cv1.conv,13,0.0
yolo_model.model.22.m.0.m.0.cv1.conv,14,2.0
yolo_model.model.22.m.0.m.0.cv1.conv,15,0.0
yolo_model.model.22.m.0.m.0.cv1.conv,16,0.0
yolo_model.model.22.m.0.m.0.cv1.conv,17,0.0
yolo_model.model.22.m.0.m.0.cv1.conv,18,0.0
yolo_model.model.22.m.0.m.0.cv1.conv,19,0.0
yolo_model.model.22.m.0.m.0.cv1.conv,20,2.0
yolo_model.model.22.m.0.m.0.cv1.conv,21,0.0
yolo_model.model.22.m.0.m.0.cv1.conv,22,0.0
yolo_model.model.22.m.0.m.0.cv1.conv,23,18.0
yolo_model.model.22.m.0.m.0.cv1.conv,24,0.0
yolo_model.model.22.m.0.m.0.cv1.conv,25,4.0
yolo_model.model.22.m.0.m.0.cv1.conv,26,19.0
yolo_model.model.22.m.0.m.0.cv1.conv,27,0.0
yolo_model.model.22.m.0.m.0.cv1.conv,28,0.0
yolo_model.model.22.m.0.m.0.cv1.conv,29,13.0
yolo_model.model.22.m.0.m.0.cv1.conv,30,9.0
yolo_model.model.22.m.0.m.0.cv1.conv,31,11.0
yolo_model.model.22.m.0.m.0.cv1.conv,32,14.0
yolo_model.model.22.m.0.m.0.cv1.conv,33,15.0
yolo_model.model.22.m.0.m.0.cv1.conv,34,0.0
yolo_model.model.22.m.0.m.0.cv1.conv,35,8.0
yolo_model.model.22.m.0.m.0.cv1.conv,36,8.0
yolo_model.model.22.m.0.m.0.cv1.conv,37,0.0
yolo_model.model.22.m.0.m.0.cv1.conv,38,17.0
yolo_model.model.22.m.0.m.0.cv1.conv,39,0.0
yolo_model.model.22.m.0.m.0.cv1.conv,40,1.0
yolo_model.model.22.m.0.m.0.cv1.conv,41,0.0
yolo_model.model.22.m.0.m.0.cv1.conv,42,0.0
yolo_model.model.22.m.0.m.0.cv1.conv,43,0.0
yolo_model.model.22.m.0.m.0.cv1.conv,44,0.0
yolo_model.model.22.m.0.m.0.cv1.conv,45,0.0
yolo_model.model.22.m.0.m.0.cv1.conv,46,4.0
yolo_model.model.22.m.0.m.0.cv1.conv,47,5.0
yolo_model.model.22.m.0.m.0.cv1.conv,48,0.0
yolo_model.model.22.m.0.m.0.cv1.conv,49,0.0
yolo_model.model.22.m.0.m.0.cv1.conv,50,0.0
yolo_model.model.22.m.0.m.0.cv1.conv,51,1.0
yolo_model.model.22.m.0.m.0.cv1.conv,52,3.0
yolo_model.model.22.m.0.m.0.cv1.conv,53,0.0
yolo_model.model.22.m.0.m.0.cv1.conv,54,4.0
yolo_model.model.22.m.0.m.0.cv1.conv,55,28.0
yolo_model.model.22.m.0.m.0.cv1.conv,56,0.0
yolo_model.model.22.m.0.m.0.cv1.conv,57,0.0
yolo_model.model.22.m.0.m.0.cv1.conv,58,13.0
yolo_model.model.22.m.0.m.0.cv1.conv,59,7.0
yolo_model.model.22.m.0.m.0.cv1.conv,60,0.0
yolo_model.model.22.m.0.m.0.cv1.conv,61,0.0
yolo_model.model.22.m.0.m.0.cv1.conv,62,0.0
yolo_model.model.22.m.0.m.0.cv1.conv,63,0.0
yolo_model.model.22.m.0.m.0.cv2.conv,0,0.0
yolo_model.model.22.m.0.m.0.cv2.conv,1,0.0
yolo_model.model.22.m.0.m.0.cv2.conv,2,8.0
yolo_model.model.22.m.0.m.0.cv2.conv,3,0.0
yolo_model.model.22.m.0.m.0.cv2.conv,4,8.0
yolo_model.model.22.m.0.m.0.cv2.conv,5,0.0
yolo_model.model.22.m.0.m.0.cv2.conv,6,0.0
yolo_model.model.22.m.0.m.0.cv2.conv,7,21.0
yolo_model.model.22.m.0.m.0.cv2.conv,8,0.0
yolo_model.model.22.m.0.m.0.cv2.conv,9,0.0
yolo_model.model.22.m.0.m.0.cv2.conv,10,0.0
yolo_model.model.22.m.0.m.0.cv2.conv,11,0.0
yolo_model.model.22.m.0.m.0.cv2.conv,12,12.0
yolo_model.model.22.m.0.m.0.cv2.conv,13,3.0
yolo_model.model.22.m.0.m.0.cv2.conv,14,13.0
yolo_model.model.22.m.0.m.0.cv2.conv,15,21.0
yolo_model.model.22.m.0.m.0.cv2.conv,16,0.0
yolo_model.model.22.m.0.m.0.cv2.conv,17,0.0
yolo_model.model.22.m.0.m.0.cv2.conv,18,0.0
yolo_model.model.22.m.0.m.0.cv2.conv,19,0.0
yolo_model.model.22.m.0.m.0.cv2.conv,20,0.0
yolo_model.model.22.m.0.m.0.cv2.conv,21,19.0
yolo_model.model.22.m.0.m.0.cv2.conv,22,0.0
yolo_model.model.22.m.0.m.0.cv2.conv,23,0.0
yolo_model.model.22.m.0.m.0.cv2.conv,24,0.0
yolo_model.model.22.m.0.m.0.cv2.conv,25,3.0
yolo_model.model.22.m.0.m.0.cv2.conv,26,0.0
yolo_model.model.22.m.0.m.0.cv2.conv,27,0.0
yolo_model.model.22.m.0.m.0.cv2.conv,28,0.0
yolo_model.model.22.m.0.m.0.cv2.conv,29,0.0
yolo_model.model.22.m.0.m.0.cv2.conv,30,0.0
yolo_model.model.22.m.0.m.0.cv2.conv,31,19.0
yolo_model.model.22.m.0.m.0.cv2.conv,32,0.0
yolo_model.model.22.m.0.m.0.cv2.conv,33,0.0
yolo_model.model.22.m.0.m.0.cv2.conv,34,104.0
yolo_model.model.22.m.0.m.0.cv2.conv,35,0.0
yolo_model.model.22.m.0.m.0.cv2.conv,36,0.0
yolo_model.model.22.m.0.m.0.cv2.conv,37,0.0
yolo_model.model.22.m.0.m.0.cv2.conv,38,0.0
yolo_model.model.22.m.0.m.0.cv2.conv,39,0.0
yolo_model.model.22.m.0.m.0.cv2.conv,40,9.0
yolo_model.model.22.m.0.m.0.cv2.conv,41,0.0
yolo_model.model.22.m.0.m.0.cv2.conv,42,14.0
yolo_model.model.22.m.0.m.0.cv2.conv,43,3.0
yolo_model.model.22.m.0.m.0.cv2.conv,44,0.0
yolo_model.model.22.m.0.m.0.cv2.conv,45,0.0
yolo_model.model.22.m.0.m.0.cv2.conv,46,18.0
yolo_model.model.22.m.0.m.0.cv2.conv,47,7.0
yolo_model.model.22.m.0.m.0.cv2.conv,48,3.0
yolo_model.model.22.m.0.m.0.cv2.conv,49,0.0
yolo_model.model.22.m.0.m.0.cv2.conv,50,10.0
yolo_model.model.22.m.0.m.0.cv2.conv,51,0.0
yolo_model.model.22.m.0.m.0.cv2.conv,52,29.0
yolo_model.model.22.m.0.m.0.cv2.conv,53,0.0
yolo_model.model.22.m.0.m.0.cv2.conv,54,0.0
yolo_model.model.22.m.0.m.0.cv2.conv,55,0.0
yolo_model.model.22.m.0.m.0.cv2.conv,56,0.0
yolo_model.model.22.m.0.m.0.cv2.conv,57,0.0
yolo_model.model.22.m.0.m.0.cv2.conv,58,2.0
yolo_model.model.22.m.0.m.0.cv2.conv,59,1.0
yolo_model.model.22.m.0.m.0.cv2.conv,60,0.0
yolo_model.model.22.m.0.m.0.cv2.conv,61,0.0
yolo_model.model.22.m.0.m.0.cv2.conv,62,0.0
yolo_model.model.22.m.0.m.0.cv2.conv,63,0.0
yolo_model.model.22.m.0.m.1.cv1.conv,0,0.0
yolo_model.model.22.m.0.m.1.cv1.conv,1,4.0
yolo_model.model.22.m.0.m.1.cv1.conv,2,0.0
yolo_model.model.22.m.0.m.1.cv1.conv,3,0.0
yolo_model.model.22.m.0.m.1.cv1.conv,4,0.0
yolo_model.model.22.m.0.m.1.cv1.conv,5,35.0
yolo_model.model.22.m.0.m.1.cv1.conv,6,0.0
yolo_model.model.22.m.0.m.1.cv1.conv,7,0.0
yolo_model.model.22.m.0.m.1.cv1.conv,8,0.0
yolo_model.model.22.m.0.m.1.cv1.conv,9,21.0
yolo_model.model.22.m.0.m.1.cv1.conv,10,0.0
yolo_model.model.22.m.0.m.1.cv1.conv,11,0.0
yolo_model.model.22.m.0.m.1.cv1.conv,12,0.0
yolo_model.model.22.m.0.m.1.cv1.conv,13,0.0
yolo_model.model.22.m.0.m.1.cv1.conv,14,0.0
yolo_model.model.22.m.0.m.1.cv1.conv,15,3.0
yolo_model.model.22.m.0.m.1.cv1.conv,16,21.0
yolo_model.model.22.m.0.m.1.cv1.conv,17,0.0
yolo_model.model.22.m.0.m.1.cv1.conv,18,0.0
yolo_model.model.22.m.0.m.1.cv1.conv,19,15.0
yolo_model.model.22.m.0.m.1.cv1.conv,20,0.0
yolo_model.model.22.m.0.m.1.cv1.conv,21,0.0
yolo_model.model.22.m.0.m.1.cv1.conv,22,0.0
yolo_model.model.22.m.0.m.1.cv1.conv,23,17.0
yolo_model.model.22.m.0.m.1.cv1.conv,24,47.0
yolo_model.model.22.m.0.m.1.cv1.conv,25,62.0
yolo_model.model.22.m.0.m.1.cv1.conv,26,0.0
yolo_model.model.22.m.0.m.1.cv1.conv,27,0.0
yolo_model.model.22.m.0.m.1.cv1.conv,28,10.0
yolo_model.model.22.m.0.m.1.cv1.conv,29,7.0
yolo_model.model.22.m.0.m.1.cv1.conv,30,0.0
yolo_model.model.22.m.0.m.1.cv1.conv,31,12.0
yolo_model.model.22.m.0.m.1.cv1.conv,32,116.0
yolo_model.model.22.m.0.m.1.cv1.conv,33,0.0
yolo_model.model.22.m.0.m.1.cv1.conv,34,0.0
yolo_model.model.22.m.0.m.1.cv1.conv,35,2.0
yolo_model.model.22.m.0.m.1.cv1.conv,36,326.0
yolo_model.model.22.m.0.m.1.cv1.conv,37,0.0
yolo_model.model.22.m.0.m.1.cv1.conv,38,0.0
yolo_model.model.22.m.0.m.1.cv1.conv,39,0.0
yolo_model.model.22.m.0.m.1.cv1.conv,40,0.0
yolo_model.model.22.m.0.m.1.cv1.conv,41,0.0
yolo_model.model.22.m.0.m.1.cv1.conv,42,0.0
yolo_model.model.22.m.0.m.1.cv1.conv,43,0.0
yolo_model.model.22.m.0.m.1.cv1.conv,44,0.0
yolo_model.model.22.m.0.m.1.cv1.conv,45,0.0
yolo_model.model.22.m.0.m.1.cv1.conv,46,0.0
yolo_model.model.22.m.0.m.1.cv1.conv,47,0.0
yolo_model.model.22.m.0.m.1.cv1.conv,48,0.0
yolo_model.model.22.m.0.m.1.cv1.conv,49,9.0
yolo_model.model.22.m.0.m.1.cv1.conv,50,0.0
yolo_model.model.22.m.0.m.1.cv1.conv,51,0.0
yolo_model.model.22.m.0.m.1.cv1.conv,52,0.0
yolo_model.model.22.m.0.m.1.cv1.conv,53,0.0
yolo_model.model.22.m.0.m.1.cv1.conv,54,0.0
yolo_model.model.22.m.0.m.1.cv1.conv,55,16.0
yolo_model.model.22.m.0.m.1.cv1.conv,56,0.0
yolo_model.model.22.m.0.m.1.cv1.conv,57,0.0
yolo_model.model.22.m.0.m.1.cv1.conv,58,0.0
yolo_model.model.22.m.0.m.1.cv1.conv,59,0.0
yolo_model.model.22.m.0.m.1.cv1.conv,60,0.0
yolo_model.model.22.m.0.m.1.cv1.conv,61,0.0
yolo_model.model.22.m.0.m.1.cv1.conv,62,0.0
yolo_model.model.22.m.0.m.1.cv1.conv,63,14.0
yolo_model.model.22.m.0.m.1.cv2.conv,0,0.0
yolo_model.model.22.m.0.m.1.cv2.conv,1,0.0
yolo_model.model.22.m.0.m.1.cv2.conv,2,0.0
yolo_model.model.22.m.0.m.1.cv2.conv,3,0.0
yolo_model.model.22.m.0.m.1.cv2.conv,4,0.0
yolo_model.model.22.m.0.m.1.cv2.conv,5,0.0
yolo_model.model.22.m.0.m.1.cv2.conv,6,0.0
yolo_model.model.22.m.0.m.1.cv2.conv,7,0.0
yolo_model.model.22.m.0.m.1.cv2.conv,8,0.0
yolo_model.model.22.m.0.m.1.cv2.conv,9,0.0
yolo_model.model.22.m.0.m.1.cv2.conv,10,0.0
yolo_model.model.22.m.0.m.1.cv2.conv,11,0.0
yolo_model.model.22.m.0.m.1.cv2.conv,12,5.0
yolo_model.model.22.m.0.m.1.cv2.conv,13,0.0
yolo_model.model.22.m.0.m.1.cv2.conv,14,0.0
yolo_model.model.22.m.0.m.1.cv2.conv,15,0.0
yolo_model.model.22.m.0.m.1.cv2.conv,16,0.0
yolo_model.model.22.m.0.m.1.cv2.conv,17,0.0
yolo_model.model.22.m.0.m.1.cv2.conv,18,0.0
yolo_model.model.22.m.0.m.1.cv2.conv,19,0.0
yolo_model.model.22.m.0.m.1.cv2.conv,20,6.0
yolo_model.model.22.m.0.m.1.cv2.conv,21,0.0
yolo_model.model.22.m.0.m.1.cv2.conv,22,0.0
yolo_model.model.22.m.0.m.1.cv2.conv,23,0.0
yolo_model.model.22.m.0.m.1.cv2.conv,24,0.0
yolo_model.model.22.m.0.m.1.cv2.conv,25,11.0
yolo_model.model.22.m.0.m.1.cv2.conv,26,0.0
yolo_model.model.22.m.0.m.1.cv2.conv,27,0.0
yolo_model.model.22.m.0.m.1.cv2.conv,28,0.0
yolo_model.model.22.m.0.m.1.cv2.conv,29,0.0
yolo_model.model.22.m.0.m.1.cv2.conv,30,0.0
yolo_model.model.22.m.0.m.1.cv2.conv,31,19.0
yolo_model.model.22.m.0.m.1.cv2.conv,32,66.0
yolo_model.model.22.m.0.m.1.cv2.conv,33,0.0
yolo_model.model.22.m.0.m.1.cv2.conv,34,0.0
yolo_model.model.22.m.0.m.1.cv2.conv,35,0.0
yolo_model.model.22.m.0.m.1.cv2.conv,36,4.0
yolo_model.model.22.m.0.m.1.cv2.conv,37,0.0
yolo_model.model.22.m.0.m.1.cv2.conv,38,0.0
yolo_model.model.22.m.0.m.1.cv2.conv,39,0.0
yolo_model.model.22.m.0.m.1.cv2.conv,40,0.0
yolo_model.model.22.m.0.m.1.cv2.conv,41,0.0
yolo_model.model.22.m.0.m.1.cv2.conv,42,15.0
yolo_model.model.22.m.0.m.1.cv2.conv,43,0.0
yolo_model.model.22.m.0.m.1.cv2.conv,44,0.0
yolo_model.model.22.m.0.m.1.cv2.conv,45,0.0
yolo_model.model.22.m.0.m.1.cv2.conv,46,37.0
yolo_model.model.22.m.0.m.1.cv2.conv,47,0.0
yolo_model.model.22.m.0.m.1.cv2.conv,48,0.0
yolo_model.model.22.m.0.m.1.cv2.conv,49,0.0
yolo_model.model.22.m.0.m.1.cv2.conv,50,0.0
yolo_model.model.22.m.0.m.1.cv2.conv,51,0.0
yolo_model.model.22.m.0.m.1.cv2.conv,52,0.0
yolo_model.model.22.m.0.m.1.cv2.conv,53,0.0
yolo_model.model.22.m.0.m.1.cv2.conv,54,42.0
yolo_model.model.22.m.0.m.1.cv2.conv,55,0.0
yolo_model.model.22.m.0.m.1.cv2.conv,56,0.0
yolo_model.model.22.m.0.m.1.cv2.conv,57,0.0
yolo_model.model.22.m.0.m.1.cv2.conv,58,0.0
yolo_model.model.22.m.0.m.1.cv2.conv,59,0.0
yolo_model.model.22.m.0.m.1.cv2.conv,60,0.0
yolo_model.model.22.m.0.m.1.cv2.conv,61,30.0
yolo_model.model.22.m.0.m.1.cv2.conv,62,0.0
yolo_model.model.22.m.0.m.1.cv2.conv,63,0.0
yolo_model.model.3.conv,0,2.0
yolo_model.model.3.conv,1,0.0
yolo_model.model.3.conv,2,0.0
yolo_model.model.3.conv,3,0.0
yolo_model.model.3.conv,4,0.0
yolo_model.model.3.conv,5,8.0
yolo_model.model.3.conv,6,0.0
yolo_model.model.3.conv,7,0.0
yolo_model.model.3.conv,8,14.0
yolo_model.model.3.conv,9,90.0
yolo_model.model.3.conv,10,17.0
yolo_model.model.3.conv,11,18.0
yolo_model.model.3.conv,12,0.0
yolo_model.model.3.conv,13,0.0
yolo_model.model.3.conv,14,0.0
yolo_model.model.3.conv,15,3.0
yolo_model.model.3.conv,16,0.0
yolo_model.model.3.conv,17,168.0
yolo_model.model.3.conv,18,198.0
yolo_model.model.3.conv,19,0.0
yolo_model.model.3.conv,20,0.0
yolo_model.model.3.conv,21,0.0
yolo_model.model.3.conv,22,25.0
yolo_model.model.3.conv,23,0.0
yolo_model.model.3.conv,24,0.0
yolo_model.model.3.conv,25,34.0
yolo_model.model.3.conv,26,0.0
yolo_model.model.3.conv,27,0.0
yolo_model.model.3.conv,28,0.0
yolo_model.model.3.conv,29,0.0
yolo_model.model.3.conv,30,0.0
yolo_model.model.3.conv,31,0.0
yolo_model.model.3.conv,32,0.0
yolo_model.model.3.conv,33,0.0
yolo_model.model.3.conv,34,0.0
yolo_model.model.3.conv,35,11.0
yolo_model.model.3.conv,36,36.0
yolo_model.model.3.conv,37,1708.0
yolo_model.model.3.conv,38,41.0
yolo_model.model.3.conv,39,0.0
yolo_model.model.3.conv,40,0.0
yolo_model.model.3.conv,41,0.0
yolo_model.model.3.conv,42,133.0
yolo_model.model.3.conv,43,2.0
yolo_model.model.3.conv,44,205.0
yolo_model.model.3.conv,45,0.0
yolo_model.model.3.conv,46,0.0
yolo_model.model.3.conv,47,0.0
yolo_model.model.3.conv,48,0.0
yolo_model.model.3.conv,49,0.0
yolo_model.model.3.conv,50,0.0
yolo_model.model.3.conv,51,0.0
yolo_model.model.3.conv,52,0.0
yolo_model.model.3.conv,53,0.0
yolo_model.model.3.conv,54,82.0
yolo_model.model.3.conv,55,328.0
yolo_model.model.3.conv,56,0.0
yolo_model.model.3.conv,57,44.0
yolo_model.model.3.conv,58,0.0
yolo_model.model.3.conv,59,0.0
yolo_model.model.3.conv,60,0.0
yolo_model.model.3.conv,61,121.0
yolo_model.model.3.conv,62,8.0
yolo_model.model.3.conv,63,0.0
yolo_model.model.4.cv1.conv,0,39.0
yolo_model.model.4.cv1.conv,1,0.0
yolo_model.model.4.cv1.conv,2,0.0
yolo_model.model.4.cv1.conv,3,0.0
yolo_model.model.4.cv1.conv,4,14.0
yolo_model.model.4.cv1.conv,5,375.0
yolo_model.model.4.cv1.conv,6,5.0
yolo_model.model.4.cv1.conv,7,85.0
yolo_model.model.4.cv1.conv,8,9.0
yolo_model.model.4.cv1.conv,9,43.0
yolo_model.model.4.cv1.conv,10,0.0
yolo_model.model.4.cv1.conv,11,1134.0
yolo_model.model.4.cv1.conv,12,225.0
yolo_model.model.4.cv1.conv,13,302.0
yolo_model.model.4.cv1.conv,14,0.0
yolo_model.model.4.cv1.conv,15,0.0
yolo_model.model.4.cv1.conv,16,36.0
yolo_model.model.4.cv1.conv,17,232.0
yolo_model.model.4.cv1.conv,18,0.0
yolo_model.model.4.cv1.conv,19,206.0
yolo_model.model.4.cv1.conv,20,2625.0
yolo_model.model.4.cv1.conv,21,0.0
yolo_model.model.4.cv1.conv,22,448.0
yolo_model.model.4.cv1.conv,23,149.0
yolo_model.model.4.cv1.conv,24,8.0
yolo_model.model.4.cv1.conv,25,0.0
yolo_model.model.4.cv1.conv,26,339.0
yolo_model.model.4.cv1.conv,27,0.0
yolo_model.model.4.cv1.conv,28,786.0
yolo_model.model.4.cv1.conv,29,13.0
yolo_model.model.4.cv1.conv,30,0.0
yolo_model.model.4.cv1.conv,31,0.0
yolo_model.model.4.cv1.conv,32,0.0
yolo_model.model.4.cv1.conv,33,0.0
yolo_model.model.4.cv1.conv,34,0.0
yolo_model.model.4.cv1.conv,35,25.0
yolo_model.model.4.cv1.conv,36,15.0
yolo_model.model.4.cv1.conv,37,19.0
yolo_model.model.4.cv1.conv,38,18.0
yolo_model.model.4.cv1.conv,39,0.0
yolo_model.model.4.cv1.conv,40,114.0
yolo_model.model.4.cv1.conv,41,56.0
yolo_model.model.4.cv1.conv,42,17.0
yolo_model.model.4.cv1.conv,43,0.0
yolo_model.model.4.cv1.conv,44,0.0
yolo_model.model.4.cv1.conv,45,28.0
yolo_model.model.4.cv1.conv,46,24.0
yolo_model.model.4.cv1.conv,47,0.0
yolo_model.model.4.cv1.conv,48,0.0
yolo_model.model.4.cv1.conv,49,0.0
yolo_model.model.4.cv1.conv,50,38.0
yolo_model.model.4.cv1.conv,51,0.0
yolo_model.model.4.cv1.conv,52,7.0
yolo_model.model.4.cv1.conv,53,0.0
yolo_model.model.4.cv1.conv,54,7.0
yolo_model.model.4.cv1.conv,55,0.0
yolo_model.model.4.cv1.conv,56,0.0
yolo_model.model.4.cv1.conv,57,0.0
yolo_model.model.4.cv1.conv,58,5.0
yolo_model.model.4.cv1.conv,59,0.0
yolo_model.model.4.cv1.conv,60,41.0
yolo_model.model.4.cv1.conv,61,0.0
yolo_model.model.4.cv1.conv,62,0.0
yolo_model.model.4.cv1.conv,63,605.0
yolo_model.model.4.cv2.conv,0,519.0
yolo_model.model.4.cv2.conv,1,0.0
yolo_model.model.4.cv2.conv,2,15.0
yolo_model.model.4.cv2.conv,3,0.0
yolo_model.model.4.cv2.conv,4,1.0
yolo_model.model.4.cv2.conv,5,3.0
yolo_model.model.4.cv2.conv,6,0.0
yolo_model.model.4.cv2.conv,7,24.0
yolo_model.model.4.cv2.conv,8,0.0
yolo_model.model.4.cv2.conv,9,1.0
yolo_model.model.4.cv2.conv,10,76.0
yolo_model.model.4.cv2.conv,11,0.0
yolo_model.model.4.cv2.conv,12,25.0
yolo_model.model.4.cv2.conv,13,3.0
yolo_model.model.4.cv2.conv,14,0.0
yolo_model.model.4.cv2.conv,15,41.0
yolo_model.model.4.cv2.conv,16,0.0
yolo_model.model.4.cv2.conv,17,16.0
yolo_model.model.4.cv2.conv,18,28.0
yolo_model.model.4.cv2.conv,19,32.0
yolo_model.model.4.cv2.conv,20,15.0
yolo_model.model.4.cv2.conv,21,0.0
yolo_model.model.4.cv2.conv,22,0.0
yolo_model.model.4.cv2.conv,23,1.0
yolo_model.model.4.cv2.conv,24,2.0
yolo_model.model.4.cv2.conv,25,1877.0
yolo_model.model.4.cv2.conv,26,292.0
yolo_model.model.4.cv2.conv,27,16.0
yolo_model.model.4.cv2.conv,28,0.0
yolo_model.model.4.cv2.conv,29,146.0
yolo_model.model.4.cv2.conv,30,0.0
yolo_model.model.4.cv2.conv,31,21.0
yolo_model.model.4.cv2.conv,32,0.0
yolo_model.model.4.cv2.conv,33,90.0
yolo_model.model.4.cv2.conv,34,15.0
yolo_model.model.4.cv2.conv,35,0.0
yolo_model.model.4.cv2.conv,36,0.0
yolo_model.model.4.cv2.conv,37,0.0
yolo_model.model.4.cv2.conv,38,73.0
yolo_model.model.4.cv2.conv,39,0.0
yolo_model.model.4.cv2.conv,40,9.0
yolo_model.model.4.cv2.conv,41,0.0
yolo_model.model.4.cv2.conv,42,0.0
yolo_model.model.4.cv2.conv,43,53.0
yolo_model.model.4.cv2.conv,44,100.0
yolo_model.model.4.cv2.conv,45,27.0
yolo_model.model.4.cv2.conv,46,0.0
yolo_model.model.4.cv2.conv,47,34.0
yolo_model.model.4.cv2.conv,48,44.0
yolo_model.model.4.cv2.conv,49,0.0
yolo_model.model.4.cv2.conv,50,4.0
yolo_model.model.4.cv2.conv,51,0.0
yolo_model.model.4.cv2.conv,52,0.0
yolo_model.model.4.cv2.conv,53,31.0
yolo_model.model.4.cv2.conv,54,46.0
yolo_model.model.4.cv2.conv,55,61.0
yolo_model.model.4.cv2.conv,56,752.0
yolo_model.model.4.cv2.conv,57,421.0
yolo_model.model.4.cv2.conv,58,107.0
yolo_model.model.4.cv2.conv,59,0.0
yolo_model.model.4.cv2.conv,60,226.0
yolo_model.model.4.cv2.conv,61,33.0
yolo_model.model.4.cv2.conv,62,0.0
yolo_model.model.4.cv2.conv,63,0.0
yolo_model.model.4.cv2.conv,64,53.0
yolo_model.model.4.cv2.conv,65,20.0
yolo_model.model.4.cv2.conv,66,36.0
yolo_model.model.4.cv2.conv,67,22.0
yolo_model.model.4.cv2.conv,68,5.0
yolo_model.model.4.cv2.conv,69,5.0
yolo_model.model.4.cv2.conv,70,0.0
yolo_model.model.4.cv2.conv,71,0.0
yolo_model.model.4.cv2.conv,72,24.0
yolo_model.model.4.cv2.conv,73,0.0
yolo_model.model.4.cv2.conv,74,0.0
yolo_model.model.4.cv2.conv,75,345.0
yolo_model.model.4.cv2.conv,76,386.0
yolo_model.model.4.cv2.conv,77,0.0
yolo_model.model.4.cv2.conv,78,77.0
yolo_model.model.4.cv2.conv,79,1.0
yolo_model.model.4.cv2.conv,80,15.0
yolo_model.model.4.cv2.conv,81,66.0
yolo_model.model.4.cv2.conv,82,35.0
yolo_model.model.4.cv2.conv,83,50.0
yolo_model.model.4.cv2.conv,84,12.0
yolo_model.model.4.cv2.conv,85,0.0
yolo_model.model.4.cv2.conv,86,0.0
yolo_model.model.4.cv2.conv,87,0.0
yolo_model.model.4.cv2.conv,88,0.0
yolo_model.model.4.cv2.conv,89,0.0
yolo_model.model.4.cv2.conv,90,26.0
yolo_model.model.4.cv2.conv,91,0.0
yolo_model.model.4.cv2.conv,92,29.0
yolo_model.model.4.cv2.conv,93,804.0
yolo_model.model.4.cv2.conv,94,33.0
yolo_model.model.4.cv2.conv,95,0.0
yolo_model.model.4.cv2.conv,96,0.0
yolo_model.model.4.cv2.conv,97,158.0
yolo_model.model.4.cv2.conv,98,0.0
yolo_model.model.4.cv2.conv,99,33.0
yolo_model.model.4.cv2.conv,100,38.0
yolo_model.model.4.cv2.conv,101,61.0
yolo_model.model.4.cv2.conv,102,0.0
yolo_model.model.4.cv2.conv,103,108.0
yolo_model.model.4.cv2.conv,104,17.0
yolo_model.model.4.cv2.conv,105,0.0
yolo_model.model.4.cv2.conv,106,0.0
yolo_model.model.4.cv2.conv,107,0.0
yolo_model.model.4.cv2.conv,108,36.0
yolo_model.model.4.cv2.conv,109,25.0
yolo_model.model.4.cv2.conv,110,28.0
yolo_model.model.4.cv2.conv,111,0.0
yolo_model.model.4.cv2.conv,112,68.0
yolo_model.model.4.cv2.conv,113,0.0
yolo_model.model.4.cv2.conv,114,2.0
yolo_model.model.4.cv2.conv,115,20.0
yolo_model.model.4.cv2.conv,116,304.0
yolo_model.model.4.cv2.conv,117,6.0
yolo_model.model.4.cv2.conv,118,28.0
yolo_model.model.4.cv2.conv,119,27.0
yolo_model.model.4.cv2.conv,120,13.0
yolo_model.model.4.cv2.conv,121,292.0
yolo_model.model.4.cv2.conv,122,32.0
yolo_model.model.4.cv2.conv,123,232.0
yolo_model.model.4.cv2.conv,124,95.0
yolo_model.model.4.cv2.conv,125,0.0
yolo_model.model.4.cv2.conv,126,860.0
yolo_model.model.4.cv2.conv,127,0.0
yolo_model.model.4.m.0.cv1.conv,0,8.0
yolo_model.model.4.m.0.cv1.conv,1,0.0
yolo_model.model.4.m.0.cv1.conv,2,282.0
yolo_model.model.4.m.0.cv1.conv,3,170.0
yolo_model.model.4.m.0.cv1.conv,4,0.0
yolo_model.model.4.m.0.cv1.conv,5,6.0
yolo_model.model.4.m.0.cv1.conv,6,37.0
yolo_model.model.4.m.0.cv1.conv,7,27.0
yolo_model.model.4.m.0.cv1.conv,8,0.0
yolo_model.model.4.m.0.cv1.conv,9,0.0
yolo_model.model.4.m.0.cv1.conv,10,0.0
yolo_model.model.4.m.0.cv1.conv,11,71.0
yolo_model.model.4.m.0.cv1.conv,12,48.0
yolo_model.model.4.m.0.cv1.conv,13,38.0
yolo_model.model.4.m.0.cv1.conv,14,0.0
yolo_model.model.4.m.0.cv1.conv,15,9.0
yolo_model.model.4.m.0.cv2.conv,0,0.0
yolo_model.model.4.m.0.cv2.conv,1,0.0
yolo_model.model.4.m.0.cv2.conv,2,18.0
yolo_model.model.4.m.0.cv2.conv,3,0.0
yolo_model.model.4.m.0.cv2.conv,4,16.0
yolo_model.model.4.m.0.cv2.conv,5,0.0
yolo_model.model.4.m.0.cv2.conv,6,0.0
yolo_model.model.4.m.0.cv2.conv,7,0.0
yolo_model.model.4.m.0.cv2.conv,8,0.0
yolo_model.model.4.m.0.cv2.conv,9,14.0
yolo_model.model.4.m.0.cv2.conv,10,0.0
yolo_model.model.4.m.0.cv2.conv,11,0.0
yolo_model.model.4.m.0.cv2.conv,12,3.0
yolo_model.model.4.m.0.cv2.conv,13,146.0
yolo_model.model.4.m.0.cv2.conv,14,0.0
yolo_model.model.4.m.0.cv2.conv,15,15.0
yolo_model.model.4.m.0.cv2.conv,16,30.0
yolo_model.model.4.m.0.cv2.conv,17,0.0
yolo_model.model.4.m.0.cv2.conv,18,0.0
yolo_model.model.4.m.0.cv2.conv,19,20.0
yolo_model.model.4.m.0.cv2.conv,20,0.0
yolo_model.model.4.m.0.cv2.conv,21,0.0
yolo_model.model.4.m.0.cv2.conv,22,12.0
yolo_model.model.4.m.0.cv2.conv,23,250.0
yolo_model.model.4.m.0.cv2.conv,24,0.0
yolo_model.model.4.m.0.cv2.conv,25,0.0
yolo_model.model.4.m.0.cv2.conv,26,0.0
yolo_model.model.4.m.0.cv2.conv,27,0.0
yolo_model.model.4.m.0.cv2.conv,28,3.0
yolo_model.model.4.m.0.cv2.conv,29,26.0
yolo_model.model.4.m.0.cv2.conv,30,7.0
yolo_model.model.4.m.0.cv2.conv,31,0.0
yolo_model.model.5.conv,0,0.0
yolo_model.model.5.conv,1,28.0
yolo_model.model.5.conv,2,13.0
yolo_model.model.5.conv,3,1043.0
yolo_model.model.5.conv,4,0.0
yolo_model.model.5.conv,5,0.0
yolo_model.model.5.conv,6,8.0
yolo_model.model.5.conv,7,0.0
yolo_model.model.5.conv,8,12.0
yolo_model.model.5.conv,9,20.0
yolo_model.model.5.conv,10,0.0
yolo_model.model.5.conv,11,6.0
yolo_model.model.5.conv,12,0.0
yolo_model.model.5.conv,13,0.0
yolo_model.model.5.conv,14,79.0
yolo_model.model.5.conv,15,7.0
yolo_model.model.5.conv,16,0.0
yolo_model.model.5.conv,17,0.0
yolo_model.model.5.conv,18,0.0
yolo_model.model.5.conv,19,7.0
yolo_model.model.5.conv,20,11.0
yolo_model.model.5.conv,21,13.0
yolo_model.model.5.conv,22,5.0
yolo_model.model.5.conv,23,0.0
yolo_model.model.5.conv,24,0.0
yolo_model.model.5.conv,25,0.0
yolo_model.model.5.conv,26,13.0
yolo_model.model.5.conv,27,0.0
yolo_model.model.5.conv,28,0.0
yolo_model.model.5.conv,29,0.0
yolo_model.model.5.conv,30,0.0
yolo_model.model.5.conv,31,0.0
yolo_model.model.5.conv,32,367.0
yolo_model.model.5.conv,33,0.0
yolo_model.model.5.conv,34,0.0
yolo_model.model.5.conv,35,0.0
yolo_model.model.5.conv,36,0.0
yolo_model.model.5.conv,37,0.0
yolo_model.model.5.conv,38,0.0
yolo_model.model.5.conv,39,0.0
yolo_model.model.5.conv,40,0.0
yolo_model.model.5.conv,41,0.0
yolo_model.model.5.conv,42,0.0
yolo_model.model.5.conv,43,0.0
yolo_model.model.5.conv,44,0.0
yolo_model.model.5.conv,45,0.0
yolo_model.model.5.conv,46,0.0
yolo_model.model.5.conv,47,0.0
yolo_model.model.5.conv,48,8.0
yolo_model.model.5.conv,49,0.0
yolo_model.model.5.conv,50,267.0
yolo_model.model.5.conv,51,0.0
yolo_model.model.5.conv,52,11.0
yolo_model.model.5.conv,53,0.0
yolo_model.model.5.conv,54,0.0
yolo_model.model.5.conv,55,0.0
yolo_model.model.5.conv,56,0.0
yolo_model.model.5.conv,57,0.0
yolo_model.model.5.conv,58,1.0
yolo_model.model.5.conv,59,0.0
yolo_model.model.5.conv,60,7.0
yolo_model.model.5.conv,61,0.0
yolo_model.model.5.conv,62,4.0
yolo_model.model.5.conv,63,8.0
yolo_model.model.5.conv,64,0.0
yolo_model.model.5.conv,65,0.0
yolo_model.model.5.conv,66,0.0
yolo_model.model.5.conv,67,44.0
yolo_model.model.5.conv,68,0.0
yolo_model.model.5.conv,69,8.0
yolo_model.model.5.conv,70,4.0
yolo_model.model.5.conv,71,0.0
yolo_model.model.5.conv,72,0.0
yolo_model.model.5.conv,73,0.0
yolo_model.model.5.conv,74,0.0
yolo_model.model.5.conv,75,0.0
yolo_model.model.5.conv,76,0.0
yolo_model.model.5.conv,77,0.0
yolo_model.model.5.conv,78,6.0
yolo_model.model.5.conv,79,0.0
yolo_model.model.5.conv,80,0.0
yolo_model.model.5.conv,81,2.0
yolo_model.model.5.conv,82,0.0
yolo_model.model.5.conv,83,0.0
yolo_model.model.5.conv,84,52.0
yolo_model.model.5.conv,85,0.0
yolo_model.model.5.conv,86,1435.0
yolo_model.model.5.conv,87,0.0
yolo_model.model.5.conv,88,0.0
yolo_model.model.5.conv,89,0.0
yolo_model.model.5.conv,90,0.0
yolo_model.model.5.conv,91,83.0
yolo_model.model.5.conv,92,2.0
yolo_model.model.5.conv,93,0.0
yolo_model.model.5.conv,94,69.0
yolo_model.model.5.conv,95,20.0
yolo_model.model.5.conv,96,0.0
yolo_model.model.5.conv,97,0.0
yolo_model.model.5.conv,98,0.0
yolo_model.model.5.conv,99,18.0
yolo_model.model.5.conv,100,10.0
yolo_model.model.5.conv,101,157.0
yolo_model.model.5.conv,102,0.0
yolo_model.model.5.conv,103,6.0
yolo_model.model.5.conv,104,0.0
yolo_model.model.5.conv,105,0.0
yolo_model.model.5.conv,106,3.0
yolo_model.model.5.conv,107,0.0
yolo_model.model.5.conv,108,0.0
yolo_model.model.5.conv,109,0.0
yolo_model.model.5.conv,110,0.0
yolo_model.model.5.conv,111,5.0
yolo_model.model.5.conv,112,0.0
yolo_model.model.5.conv,113,0.0
yolo_model.model.5.conv,114,0.0
yolo_model.model.5.conv,115,0.0
yolo_model.model.5.conv,116,0.0
yolo_model.model.5.conv,117,0.0
yolo_model.model.5.conv,118,23.0
yolo_model.model.5.conv,119,7.0
yolo_model.model.5.conv,120,0.0
yolo_model.model.5.conv,121,0.0
yolo_model.model.5.conv,122,0.0
yolo_model.model.5.conv,123,0.0
yolo_model.model.5.conv,124,0.0
yolo_model.model.5.conv,125,0.0
yolo_model.model.5.conv,126,0.0
yolo_model.model.5.conv,127,0.0
yolo_model.model.6.cv1.conv,0,0.0
yolo_model.model.6.cv1.conv,1,13.0
yolo_model.model.6.cv1.conv,2,0.0
yolo_model.model.6.cv1.conv,3,6.0
yolo_model.model.6.cv1.conv,4,5.0
yolo_model.model.6.cv1.conv,5,7.0
yolo_model.model.6.cv1.conv,6,0.0
yolo_model.model.6.cv1.conv,7,13.0
yolo_model.model.6.cv1.conv,8,18.0
yolo_model.model.6.cv1.conv,9,200.0
yolo_model.model.6.cv1.conv,10,0.0
yolo_model.model.6.cv1.conv,11,10.0
yolo_model.model.6.cv1.conv,12,0.0
yolo_model.model.6.cv1.conv,13,0.0
yolo_model.model.6.cv1.conv,14,0.0
yolo_model.model.6.cv1.conv,15,3.0
yolo_model.model.6.cv1.conv,16,0.0
yolo_model.model.6.cv1.conv,17,197.0
yolo_model.model.6.cv1.conv,18,0.0
yolo_model.model.6.cv1.conv,19,171.0
yolo_model.model.6.cv1.conv,20,0.0
yolo_model.model.6.cv1.conv,21,97.0
yolo_model.model.6.cv1.conv,22,16.0
yolo_model.model.6.cv1.conv,23,0.0
yolo_model.model.6.cv1.conv,24,23.0
yolo_model.model.6.cv1.conv,25,0.0
yolo_model.model.6.cv1.conv,26,0.0
yolo_model.model.6.cv1.conv,27,5.0
yolo_model.model.6.cv1.conv,28,0.0
yolo_model.model.6.cv1.conv,29,0.0
yolo_model.model.6.cv1.conv,30,9.0
yolo_model.model.6.cv1.conv,31,0.0
yolo_model.model.6.cv1.conv,32,0.0
yolo_model.model.6.cv1.conv,33,13.0
yolo_model.model.6.cv1.conv,34,0.0
yolo_model.model.6.cv1.conv,35,0.0
yolo_model.model.6.cv1.conv,36,6.0
yolo_model.model.6.cv1.conv,37,16.0
yolo_model.model.6.cv1.conv,38,0.0
yolo_model.model.6.cv1.conv,39,0.0
yolo_model.model.6.cv1.conv,40,49.0
yolo_model.model.6.cv1.conv,41,87.0
yolo_model.model.6.cv1.conv,42,9.0
yolo_model.model.6.cv1.conv,43,0.0
yolo_model.model.6.cv1.conv,44,10.0
yolo_model.model.6.cv1.conv,45,0.0
yolo_model.model.6.cv1.conv,46,0.0
yolo_model.model.6.cv1.conv,47,0.0
yolo_model.model.6.cv1.conv,48,0.0
yolo_model.model.6.cv1.conv,49,5.0
yolo_model.model.6.cv1.conv,50,18.0
yolo_model.model.6.cv1.conv,51,2.0
yolo_model.model.6.cv1.conv,52,0.0
yolo_model.model.6.cv1.conv,53,5.0
yolo_model.model.6.cv1.conv,54,32.0
yolo_model.model.6.cv1.conv,55,35.0
yolo_model.model.6.cv1.conv,56,60.0
yolo_model.model.6.cv1.conv,57,505.0
yolo_model.model.6.cv1.conv,58,0.0
yolo_model.model.6.cv1.conv,59,441.0
yolo_model.model.6.cv1.conv,60,0.0
yolo_model.model.6.cv1.conv,61,0.0
yolo_model.model.6.cv1.conv,62,0.0
yolo_model.model.6.cv1.conv,63,125.0
yolo_model.model.6.cv1.conv,64,0.0
yolo_model.model.6.cv1.conv,65,0.0
yolo_model.model.6.cv1.conv,66,2.0
yolo_model.model.6.cv1.conv,67,0.0
yolo_model.model.6.cv1.conv,68,0.0
yolo_model.model.6.cv1.conv,69,0.0
yolo_model.model.6.cv1.conv,70,13.0
yolo_model.model.6.cv1.conv,71,0.0
yolo_model.model.6.cv1.conv,72,0.0
yolo_model.model.6.cv1.conv,73,267.0
yolo_model.model.6.cv1.conv,74,0.0
yolo_model.model.6.cv1.conv,75,6.0
yolo_model.model.6.cv1.conv,76,0.0
yolo_model.model.6.cv1.conv,77,0.0
yolo_model.model.6.cv1.conv,78,214.0
yolo_model.model.6.cv1.conv,79,17.0
yolo_model.model.6.cv1.conv,80,10.0
yolo_model.model.6.cv1.conv,81,17.0
yolo_model.model.6.cv1.conv,82,0.0
yolo_model.model.6.cv1.conv,83,24.0
yolo_model.model.6.cv1.conv,84,114.0
yolo_model.model.6.cv1.conv,85,169.0
yolo_model.model.6.cv1.conv,86,0.0
yolo_model.model.6.cv1.conv,87,0.0
yolo_model.model.6.cv1.conv,88,107.0
yolo_model.model.6.cv1.conv,89,0.0
yolo_model.model.6.cv1.conv,90,789.0
yolo_model.model.6.cv1.conv,91,12.0
yolo_model.model.6.cv1.conv,92,58.0
yolo_model.model.6.cv1.conv,93,0.0
yolo_model.model.6.cv1.conv,94,0.0
yolo_model.model.6.cv1.conv,95,0.0
yolo_model.model.6.cv1.conv,96,0.0
yolo_model.model.6.cv1.conv,97,117.0
yolo_model.model.6.cv1.conv,98,10.0
yolo_model.model.6.cv1.conv,99,0.0
yolo_model.model.6.cv1.conv,100,0.0
yolo_model.model.6.cv1.conv,101,12.0
yolo_model.model.6.cv1.conv,102,37.0
yolo_model.model.6.cv1.conv,103,0.0
yolo_model.model.6.cv1.conv,104,1.0
yolo_model.model.6.cv1.conv,105,0.0
yolo_model.model.6.cv1.conv,106,24.0
yolo_model.model.6.cv1.conv,107,0.0
yolo_model.model.6.cv1.conv,108,0.0
yolo_model.model.6.cv1.conv,109,13.0
yolo_model.model.6.cv1.conv,110,35.0
yolo_model.model.6.cv1.conv,111,0.0
yolo_model.model.6.cv1.conv,112,22.0
yolo_model.model.6.cv1.conv,113,14.0
yolo_model.model.6.cv1.conv,114,0.0
yolo_model.model.6.cv1.conv,115,0.0
yolo_model.model.6.cv1.conv,116,0.0
yolo_model.model.6.cv1.conv,117,0.0
yolo_model.model.6.cv1.conv,118,300.0
yolo_model.model.6.cv1.conv,119,0.0
yolo_model.model.6.cv1.conv,120,0.0
yolo_model.model.6.cv1.conv,121,0.0
yolo_model.model.6.cv1.conv,122,0.0
yolo_model.model.6.cv1.conv,123,0.0
yolo_model.model.6.cv1.conv,124,32.0
yolo_model.model.6.cv1.conv,125,0.0
yolo_model.model.6.cv1.conv,126,0.0
yolo_model.model.6.cv1.conv,127,11.0
yolo_model.model.6.cv2.conv,0,0.0
yolo_model.model.6.cv2.conv,1,19.0
yolo_model.model.6.cv2.conv,2,2.0
yolo_model.model.6.cv2.conv,3,0.0
yolo_model.model.6.cv2.conv,4,0.0
yolo_model.model.6.cv2.conv,5,0.0
yolo_model.model.6.cv2.conv,6,0.0
yolo_model.model.6.cv2.conv,7,100.0
yolo_model.model.6.cv2.conv,8,257.0
yolo_model.model.6.cv2.conv,9,0.0
yolo_model.model.6.cv2.conv,10,0.0
yolo_model.model.6.cv2.conv,11,385.0
yolo_model.model.6.cv2.conv,12,26.0
yolo_model.model.6.cv2.conv,13,0.0
yolo_model.model.6.cv2.conv,14,0.0
yolo_model.model.6.cv2.conv,15,9.0
yolo_model.model.6.cv2.conv,16,0.0
yolo_model.model.6.cv2.conv,17,0.0
yolo_model.model.6.cv2.conv,18,33.0
yolo_model.model.6.cv2.conv,19,0.0
yolo_model.model.6.cv2.conv,20,0.0
yolo_model.model.6.cv2.conv,21,0.0
yolo_model.model.6.cv2.conv,22,0.0
yolo_model.model.6.cv2.conv,23,0.0
yolo_model.model.6.cv2.conv,24,0.0
yolo_model.model.6.cv2.conv,25,112.0
yolo_model.model.6.cv2.conv,26,739.0
yolo_model.model.6.cv2.conv,27,8.0
yolo_model.model.6.cv2.conv,28,0.0
yolo_model.model.6.cv2.conv,29,0.0
yolo_model.model.6.cv2.conv,30,0.0
yolo_model.model.6.cv2.conv,31,0.0
yolo_model.model.6.cv2.conv,32,0.0
yolo_model.model.6.cv2.conv,33,2.0
yolo_model.model.6.cv2.conv,34,0.0
yolo_model.model.6.cv2.conv,35,0.0
yolo_model.model.6.cv2.conv,36,37.0
yolo_model.model.6.cv2.conv,37,14.0
yolo_model.model.6.cv2.conv,38,0.0
yolo_model.model.6.cv2.conv,39,51.0
yolo_model.model.6.cv2.conv,40,13.0
yolo_model.model.6.cv2.conv,41,0.0
yolo_model.model.6.cv2.conv,42,0.0
yolo_model.model.6.cv2.conv,43,13.0
yolo_model.model.6.cv2.conv,44,1.0
yolo_model.model.6.cv2.conv,45,31.0
yolo_model.model.6.cv2.conv,46,0.0
yolo_model.model.6.cv2.conv,47,0.0
yolo_model.model.6.cv2.conv,48,0.0
yolo_model.model.6.cv2.conv,49,0.0
yolo_model.model.6.cv2.conv,50,186.0
yolo_model.model.6.cv2.conv,51,2.0
yolo_model.model.6.cv2.conv,52,9.0
yolo_model.model.6.cv2.conv,53,5.0
yolo_model.model.6.cv2.conv,54,15.0
yolo_model.model.6.cv2.conv,55,0.0
yolo_model.model.6.cv2.conv,56,240.0
yolo_model.model.6.cv2.conv,57,0.0
yolo_model.model.6.cv2.conv,58,0.0
yolo_model.model.6.cv2.conv,59,0.0
yolo_model.model.6.cv2.conv,60,0.0
yolo_model.model.6.cv2.conv,61,567.0
yolo_model.model.6.cv2.conv,62,39.0
yolo_model.model.6.cv2.conv,63,35.0
yolo_model.model.6.cv2.conv,64,0.0
yolo_model.model.6.cv2.conv,65,0.0
yolo_model.model.6.cv2.conv,66,5.0
yolo_model.model.6.cv2.conv,67,0.0
yolo_model.model.6.cv2.conv,68,0.0
yolo_model.model.6.cv2.conv,69,0.0
yolo_model.model.6.cv2.conv,70,2.0
yolo_model.model.6.cv2.conv,71,10.0
yolo_model.model.6.cv2.conv,72,0.0
yolo_model.model.6.cv2.conv,73,0.0
yolo_model.model.6.cv2.conv,74,0.0
yolo_model.model.6.cv2.conv,75,0.0
yolo_model.model.6.cv2.conv,76,0.0
yolo_model.model.6.cv2.conv,77,2324.0
yolo_model.model.6.cv2.conv,78,0.0
yolo_model.model.6.cv2.conv,79,1.0
yolo_model.model.6.cv2.conv,80,11.0
yolo_model.model.6.cv2.conv,81,0.0
yolo_model.model.6.cv2.conv,82,1.0
yolo_model.model.6.cv2.conv,83,0.0
yolo_model.model.6.cv2.conv,84,19.0
yolo_model.model.6.cv2.conv,85,0.0
yolo_model.model.6.cv2.conv,86,240.0
yolo_model.model.6.cv2.conv,87,0.0
yolo_model.model.6.cv2.conv,88,30.0
yolo_model.model.6.cv2.conv,89,4.0
yolo_model.model.6.cv2.conv,90,0.0
yolo_model.model.6.cv2.conv,91,0.0
yolo_model.model.6.cv2.conv,92,14.0
yolo_model.model.6.cv2.conv,93,115.0
yolo_model.model.6.cv2.conv,94,0.0
yolo_model.model.6.cv2.conv,95,0.0
yolo_model.model.6.cv2.conv,96,0.0
yolo_model.model.6.cv2.conv,97,63.0
yolo_model.model.6.cv2.conv,98,27.0
yolo_model.model.6.cv2.conv,99,11.0
yolo_model.model.6.cv2.conv,100,0.0
yolo_model.model.6.cv2.conv,101,0.0
yolo_model.model.6.cv2.conv,102,11.0
yolo_model.model.6.cv2.conv,103,0.0
yolo_model.model.6.cv2.conv,104,0.0
yolo_model.model.6.cv2.conv,105,0.0
yolo_model.model.6.cv2.conv,106,717.0
yolo_model.model.6.cv2.conv,107,0.0
yolo_model.model.6.cv2.conv,108,0.0
yolo_model.model.6.cv2.conv,109,0.0
yolo_model.model.6.cv2.conv,110,0.0
yolo_model.model.6.cv2.conv,111,0.0
yolo_model.model.6.cv2.conv,112,0.0
yolo_model.model.6.cv2.conv,113,0.0
yolo_model.model.6.cv2.conv,114,37.0
yolo_model.model.6.cv2.conv,115,32.0
yolo_model.model.6.cv2.conv,116,0.0
yolo_model.model.6.cv2.conv,117,8.0
yolo_model.model.6.cv2.conv,118,25.0
yolo_model.model.6.cv2.conv,119,0.0
yolo_model.model.6.cv2.conv,120,0.0
yolo_model.model.6.cv2.conv,121,0.0
yolo_model.model.6.cv2.conv,122,0.0
yolo_model.model.6.cv2.conv,123,0.0
yolo_model.model.6.cv2.conv,124,0.0
yolo_model.model.6.cv2.conv,125,0.0
yolo_model.model.6.cv2.conv,126,17.0
yolo_model.model.6.cv2.conv,127,0.0
yolo_model.model.6.m.0.cv1.conv,0,12.0
yolo_model.model.6.m.0.cv1.conv,1,0.0
yolo_model.model.6.m.0.cv1.conv,2,7.0
yolo_model.model.6.m.0.cv1.conv,3,0.0
yolo_model.model.6.m.0.cv1.conv,4,0.0
yolo_model.model.6.m.0.cv1.conv,5,0.0
yolo_model.model.6.m.0.cv1.conv,6,0.0
yolo_model.model.6.m.0.cv1.conv,7,0.0
yolo_model.model.6.m.0.cv1.conv,8,0.0
yolo_model.model.6.m.0.cv1.conv,9,0.0
yolo_model.model.6.m.0.cv1.conv,10,0.0
yolo_model.model.6.m.0.cv1.conv,11,4.0
yolo_model.model.6.m.0.cv1.conv,12,0.0
yolo_model.model.6.m.0.cv1.conv,13,0.0
yolo_model.model.6.m.0.cv1.conv,14,0.0
yolo_model.model.6.m.0.cv1.conv,15,8.0
yolo_model.model.6.m.0.cv1.conv,16,0.0
yolo_model.model.6.m.0.cv1.conv,17,0.0
yolo_model.model.6.m.0.cv1.conv,18,0.0
yolo_model.model.6.m.0.cv1.conv,19,0.0
yolo_model.model.6.m.0.cv1.conv,20,14.0
yolo_model.model.6.m.0.cv1.conv,21,4.0
yolo_model.model.6.m.0.cv1.conv,22,0.0
yolo_model.model.6.m.0.cv1.conv,23,0.0
yolo_model.model.6.m.0.cv1.conv,24,33.0
yolo_model.model.6.m.0.cv1.conv,25,0.0
yolo_model.model.6.m.0.cv1.conv,26,0.0
yolo_model.model.6.m.0.cv1.conv,27,0.0
yolo_model.model.6.m.0.cv1.conv,28,7.0
yolo_model.model.6.m.0.cv1.conv,29,0.0
yolo_model.model.6.m.0.cv1.conv,30,0.0
yolo_model.model.6.m.0.cv1.conv,31,0.0
yolo_model.model.6.m.0.cv2.conv,0,0.0
yolo_model.model.6.m.0.cv2.conv,1,0.0
yolo_model.model.6.m.0.cv2.conv,2,0.0
yolo_model.model.6.m.0.cv2.conv,3,0.0
yolo_model.model.6.m.0.cv2.conv,4,0.0
yolo_model.model.6.m.0.cv2.conv,5,0.0
yolo_model.model.6.m.0.cv2.conv,6,0.0
yolo_model.model.6.m.0.cv2.conv,7,0.0
yolo_model.model.6.m.0.cv2.conv,8,0.0
yolo_model.model.6.m.0.cv2.conv,9,0.0
yolo_model.model.6.m.0.cv2.conv,10,0.0
yolo_model.model.6.m.0.cv2.conv,11,0.0
yolo_model.model.6.m.0.cv2.conv,12,0.0
yolo_model.model.6.m.0.cv2.conv,13,0.0
yolo_model.model.6.m.0.cv2.conv,14,0.0
yolo_model.model.6.m.0.cv2.conv,15,0.0
yolo_model.model.6.m.0.cv2.conv,16,0.0
yolo_model.model.6.m.0.cv2.conv,17,0.0
yolo_model.model.6.m.0.cv2.conv,18,0.0
yolo_model.model.6.m.0.cv2.conv,19,0.0
yolo_model.model.6.m.0.cv2.conv,20,0.0
yolo_model.model.6.m.0.cv2.conv,21,0.0
yolo_model.model.6.m.0.cv2.conv,22,0.0
yolo_model.model.6.m.0.cv2.conv,23,0.0
yolo_model.model.6.m.0.cv2.conv,24,0.0
yolo_model.model.6.m.0.cv2.conv,25,0.0
yolo_model.model.6.m.0.cv2.conv,26,0.0
yolo_model.model.6.m.0.cv2.conv,27,0.0
yolo_model.model.6.m.0.cv2.conv,28,0.0
yolo_model.model.6.m.0.cv2.conv,29,0.0
yolo_model.model.6.m.0.cv2.conv,30,0.0
yolo_model.model.6.m.0.cv2.conv,31,0.0
yolo_model.model.6.m.0.cv3.conv,0,0.0
yolo_model.model.6.m.0.cv3.conv,1,0.0
yolo_model.model.6.m.0.cv3.conv,2,0.0
yolo_model.model.6.m.0.cv3.conv,3,0.0
yolo_model.model.6.m.0.cv3.conv,4,0.0
yolo_model.model.6.m.0.cv3.conv,5,0.0
yolo_model.model.6.m.0.cv3.conv,6,0.0
yolo_model.model.6.m.0.cv3.conv,7,47.0
yolo_model.model.6.m.0.cv3.conv,8,0.0
yolo_model.model.6.m.0.cv3.conv,9,0.0
yolo_model.model.6.m.0.cv3.conv,10,0.0
yolo_model.model.6.m.0.cv3.conv,11,0.0
yolo_model.model.6.m.0.cv3.conv,12,29.0
yolo_model.model.6.m.0.cv3.conv,13,0.0
yolo_model.model.6.m.0.cv3.conv,14,0.0
yolo_model.model.6.m.0.cv3.conv,15,0.0
yolo_model.model.6.m.0.cv3.conv,16,0.0
yolo_model.model.6.m.0.cv3.conv,17,0.0
yolo_model.model.6.m.0.cv3.conv,18,0.0
yolo_model.model.6.m.0.cv3.conv,19,0.0
yolo_model.model.6.m.0.cv3.conv,20,0.0
yolo_model.model.6.m.0.cv3.conv,21,49.0
yolo_model.model.6.m.0.cv3.conv,22,7.0
yolo_model.model.6.m.0.cv3.conv,23,0.0
yolo_model.model.6.m.0.cv3.conv,24,0.0
yolo_model.model.6.m.0.cv3.conv,25,0.0
yolo_model.model.6.m.0.cv3.conv,26,0.0
yolo_model.model.6.m.0.cv3.conv,27,0.0
yolo_model.model.6.m.0.cv3.conv,28,0.0
yolo_model.model.6.m.0.cv3.conv,29,0.0
yolo_model.model.6.m.0.cv3.conv,30,0.0
yolo_model.model.6.m.0.cv3.conv,31,0.0
yolo_model.model.6.m.0.cv3.conv,32,0.0
yolo_model.model.6.m.0.cv3.conv,33,0.0
yolo_model.model.6.m.0.cv3.conv,34,0.0
yolo_model.model.6.m.0.cv3.conv,35,0.0
yolo_model.model.6.m.0.cv3.conv,36,0.0
yolo_model.model.6.m.0.cv3.conv,37,0.0
yolo_model.model.6.m.0.cv3.conv,38,0.0
yolo_model.model.6.m.0.cv3.conv,39,0.0
yolo_model.model.6.m.0.cv3.conv,40,0.0
yolo_model.model.6.m.0.cv3.conv,41,20.0
yolo_model.model.6.m.0.cv3.conv,42,0.0
yolo_model.model.6.m.0.cv3.conv,43,0.0
yolo_model.model.6.m.0.cv3.conv,44,0.0
yolo_model.model.6.m.0.cv3.conv,45,0.0
yolo_model.model.6.m.0.cv3.conv,46,0.0
yolo_model.model.6.m.0.cv3.conv,47,0.0
yolo_model.model.6.m.0.cv3.conv,48,0.0
yolo_model.model.6.m.0.cv3.conv,49,0.0
yolo_model.model.6.m.0.cv3.conv,50,0.0
yolo_model.model.6.m.0.cv3.conv,51,0.0
yolo_model.model.6.m.0.cv3.conv,52,0.0
yolo_model.model.6.m.0.cv3.conv,53,29.0
yolo_model.model.6.m.0.cv3.conv,54,0.0
yolo_model.model.6.m.0.cv3.conv,55,0.0
yolo_model.model.6.m.0.cv3.conv,56,0.0
yolo_model.model.6.m.0.cv3.conv,57,7.0
yolo_model.model.6.m.0.cv3.conv,58,3.0
yolo_model.model.6.m.0.cv3.conv,59,0.0
yolo_model.model.6.m.0.cv3.conv,60,0.0
yolo_model.model.6.m.0.cv3.conv,61,0.0
yolo_model.model.6.m.0.cv3.conv,62,3.0
yolo_model.model.6.m.0.cv3.conv,63,0.0
yolo_model.model.6.m.0.m.0.cv1.conv,0,15.0
yolo_model.model.6.m.0.m.0.cv1.conv,1,2.0
yolo_model.model.6.m.0.m.0.cv1.conv,2,0.0
yolo_model.model.6.m.0.m.0.cv1.conv,3,0.0
yolo_model.model.6.m.0.m.0.cv1.conv,4,0.0
yolo_model.model.6.m.0.m.0.cv1.conv,5,0.0
yolo_model.model.6.m.0.m.0.cv1.conv,6,0.0
yolo_model.model.6.m.0.m.0.cv1.conv,7,0.0
yolo_model.model.6.m.0.m.0.cv1.conv,8,0.0
yolo_model.model.6.m.0.m.0.cv1.conv,9,0.0
yolo_model.model.6.m.0.m.0.cv1.conv,10,0.0
yolo_model.model.6.m.0.m.0.cv1.conv,11,0.0
yolo_model.model.6.m.0.m.0.cv1.conv,12,0.0
yolo_model.model.6.m.0.m.0.cv1.conv,13,0.0
yolo_model.model.6.m.0.m.0.cv1.conv,14,0.0
yolo_model.model.6.m.0.m.0.cv1.conv,15,0.0
yolo_model.model.6.m.0.m.0.cv1.conv,16,0.0
yolo_model.model.6.m.0.m.0.cv1.conv,17,11.0
yolo_model.model.6.m.0.m.0.cv1.conv,18,0.0
yolo_model.model.6.m.0.m.0.cv1.conv,19,0.0
yolo_model.model.6.m.0.m.0.cv1.conv,20,0.0
yolo_model.model.6.m.0.m.0.cv1.conv,21,1.0
yolo_model.model.6.m.0.m.0.cv1.conv,22,0.0
yolo_model.model.6.m.0.m.0.cv1.conv,23,0.0
yolo_model.model.6.m.0.m.0.cv1.conv,24,17.0
yolo_model.model.6.m.0.m.0.cv1.conv,25,0.0
yolo_model.model.6.m.0.m.0.cv1.conv,26,0.0
yolo_model.model.6.m.0.m.0.cv1.conv,27,0.0
yolo_model.model.6.m.0.m.0.cv1.conv,28,0.0
yolo_model.model.6.m.0.m.0.cv1.conv,29,0.0
yolo_model.model.6.m.0.m.0.cv1.conv,30,3.0
yolo_model.model.6.m.0.m.0.cv1.conv,31,0.0
yolo_model.model.6.m.0.m.0.cv2.conv,0,0.0
yolo_model.model.6.m.0.m.0.cv2.conv,1,0.0
yolo_model.model.6.m.0.m.0.cv2.conv,2,0.0
yolo_model.model.6.m.0.m.0.cv2.conv,3,0.0
yolo_model.model.6.m.0.m.0.cv2.conv,4,0.0
yolo_model.model.6.m.0.m.0.cv2.conv,5,0.0
yolo_model.model.6.m.0.m.0.cv2.conv,6,0.0
yolo_model.model.6.m.0.m.0.cv2.conv,7,10.0
yolo_model.model.6.m.0.m.0.cv2.conv,8,0.0
yolo_model.model.6.m.0.m.0.cv2.conv,9,0.0
yolo_model.model.6.m.0.m.0.cv2.conv,10,0.0
yolo_model.model.6.m.0.m.0.cv2.conv,11,0.0
yolo_model.model.6.m.0.m.0.cv2.conv,12,0.0
yolo_model.model.6.m.0.m.0.cv2.conv,13,0.0
yolo_model.model.6.m.0.m.0.cv2.conv,14,0.0
yolo_model.model.6.m.0.m.0.cv2.conv,15,11.0
yolo_model.model.6.m.0.m.0.cv2.conv,16,0.0
yolo_model.model.6.m.0.m.0.cv2.conv,17,0.0
yolo_model.model.6.m.0.m.0.cv2.conv,18,0.0
yolo_model.model.6.m.0.m.0.cv2.conv,19,0.0
yolo_model.model.6.m.0.m.0.cv2.conv,20,7.0
yolo_model.model.6.m.0.m.0.cv2.conv,21,0.0
yolo_model.model.6.m.0.m.0.cv2.conv,22,0.0
yolo_model.model.6.m.0.m.0.cv2.conv,23,0.0
yolo_model.model.6.m.0.m.0.cv2.conv,24,0.0
yolo_model.model.6.m.0.m.0.cv2.conv,25,10.0
yolo_model.model.6.m.0.m.0.cv2.conv,26,0.0
yolo_model.model.6.m.0.m.0.cv2.conv,27,0.0
yolo_model.model.6.m.0.m.0.cv2.conv,28,0.0
yolo_model.model.6.m.0.m.0.cv2.conv,29,0.0
yolo_model.model.6.m.0.m.0.cv2.conv,30,0.0
yolo_model.model.6.m.0.m.0.cv2.conv,31,0.0
yolo_model.model.6.m.0.m.1.cv1.conv,0,0.0
yolo_model.model.6.m.0.m.1.cv1.conv,1,0.0
yolo_model.model.6.m.0.m.1.cv1.conv,2,0.0
yolo_model.model.6.m.0.m.1.cv1.conv,3,0.0
yolo_model.model.6.m.0.m.1.cv1.conv,4,1.0
yolo_model.model.6.m.0.m.1.cv1.conv,5,0.0
yolo_model.model.6.m.0.m.1.cv1.conv,6,12.0
yolo_model.model.6.m.0.m.1.cv1.conv,7,0.0
yolo_model.model.6.m.0.m.1.cv1.conv,8,0.0
yolo_model.model.6.m.0.m.1.cv1.conv,9,0.0
yolo_model.model.6.m.0.m.1.cv1.conv,10,0.0
yolo_model.model.6.m.0.m.1.cv1.conv,11,0.0
yolo_model.model.6.m.0.m.1.cv1.conv,12,14.0
yolo_model.model.6.m.0.m.1.cv1.conv,13,24.0
yolo_model.model.6.m.0.m.1.cv1.conv,14,0.0
yolo_model.model.6.m.0.m.1.cv1.conv,15,0.0
yolo_model.model.6.m.0.m.1.cv1.conv,16,0.0
yolo_model.model.6.m.0.m.1.cv1.conv,17,0.0
yolo_model.model.6.m.0.m.1.cv1.conv,18,0.0
yolo_model.model.6.m.0.m.1.cv1.conv,19,0.0
yolo_model.model.6.m.0.m.1.cv1.conv,20,0.0
yolo_model.model.6.m.0.m.1.cv1.conv,21,0.0
yolo_model.model.6.m.0.m.1.cv1.conv,22,0.0
yolo_model.model.6.m.0.m.1.cv1.conv,23,0.0
yolo_model.model.6.m.0.m.1.cv1.conv,24,0.0
yolo_model.model.6.m.0.m.1.cv1.conv,25,0.0
yolo_model.model.6.m.0.m.1.cv1.conv,26,0.0
yolo_model.model.6.m.0.m.1.cv1.conv,27,0.0
yolo_model.model.6.m.0.m.1.cv1.conv,28,0.0
yolo_model.model.6.m.0.m.1.cv1.conv,29,0.0
yolo_model.model.6.m.0.m.1.cv1.conv,30,33.0
yolo_model.model.6.m.0.m.1.cv1.conv,31,0.0
yolo_model.model.6.m.0.m.1.cv2.conv,0,0.0
yolo_model.model.6.m.0.m.1.cv2.conv,1,0.0
yolo_model.model.6.m.0.m.1.cv2.conv,2,0.0
yolo_model.model.6.m.0.m.1.cv2.conv,3,0.0
yolo_model.model.6.m.0.m.1.cv2.conv,4,0.0
yolo_model.model.6.m.0.m.1.cv2.conv,5,0.0
yolo_model.model.6.m.0.m.1.cv2.conv,6,0.0
yolo_model.model.6.m.0.m.1.cv2.conv,7,0.0
yolo_model.model.6.m.0.m.1.cv2.conv,8,0.0
yolo_model.model.6.m.0.m.1.cv2.conv,9,0.0
yolo_model.model.6.m.0.m.1.cv2.conv,10,0.0
yolo_model.model.6.m.0.m.1.cv2.conv,11,0.0
yolo_model.model.6.m.0.m.1.cv2.conv,12,0.0
yolo_model.model.6.m.0.m.1.cv2.conv,13,0.0
yolo_model.model.6.m.0.m.1.cv2.conv,14,0.0
yolo_model.model.6.m.0.m.1.cv2.conv,15,0.0
yolo_model.model.6.m.0.m.1.cv2.conv,16,0.0
yolo_model.model.6.m.0.m.1.cv2.conv,17,0.0
yolo_model.model.6.m.0.m.1.cv2.conv,18,0.0
yolo_model.model.6.m.0.m.1.cv2.conv,19,0.0
yolo_model.model.6.m.0.m.1.cv2.conv,20,0.0
yolo_model.model.6.m.0.m.1.cv2.conv,21,0.0
yolo_model.model.6.m.0.m.1.cv2.conv,22,0.0
yolo_model.model.6.m.0.m.1.cv2.conv,23,0.0
yolo_model.model.6.m.0.m.1.cv2.conv,24,0.0
yolo_model.model.6.m.0.m.1.cv2.conv,25,0.0
yolo_model.model.6.m.0.m.1.cv2.conv,26,0.0
yolo_model.model.6.m.0.m.1.cv2.conv,27,0.0
yolo_model.model.6.m.0.m.1.cv2.conv,28,0.0
yolo_model.model.6.m.0.m.1.cv2.conv,29,0.0
yolo_model.model.6.m.0.m.1.cv2.conv,30,0.0
yolo_model.model.6.m.0.m.1.cv2.conv,31,0.0
yolo_model.model.7.conv,0,0.0
yolo_model.model.7.conv,1,0.0
yolo_model.model.7.conv,2,0.0
yolo_model.model.7.conv,3,0.0
yolo_model.model.7.conv,4,0.0
yolo_model.model.7.conv,5,0.0
yolo_model.model.7.conv,6,0.0
yolo_model.model.7.conv,7,4.0
yolo_model.model.7.conv,8,4.0
yolo_model.model.7.conv,9,0.0
yolo_model.model.7.conv,10,0.0
yolo_model.model.7.conv,11,0.0
yolo_model.model.7.conv,12,0.0
yolo_model.model.7.conv,13,11.0
yolo_model.model.7.conv,14,0.0
yolo_model.model.7.conv,15,0.0
yolo_model.model.7.conv,16,0.0
yolo_model.model.7.conv,17,0.0
yolo_model.model.7.conv,18,0.0
yolo_model.model.7.conv,19,1544.0
yolo_model.model.7.conv,20,0.0
yolo_model.model.7.conv,21,0.0
yolo_model.model.7.conv,22,0.0
yolo_model.model.7.conv,23,0.0
yolo_model.model.7.conv,24,0.0
yolo_model.model.7.conv,25,0.0
yolo_model.model.7.conv,26,0.0
yolo_model.model.7.conv,27,0.0
yolo_model.model.7.conv,28,0.0
yolo_model.model.7.conv,29,0.0
yolo_model.model.7.conv,30,0.0
yolo_model.model.7.conv,31,0.0
yolo_model.model.7.conv,32,0.0
yolo_model.model.7.conv,33,0.0
yolo_model.model.7.conv,34,0.0
yolo_model.model.7.conv,35,0.0
yolo_model.model.7.conv,36,0.0
yolo_model.model.7.conv,37,0.0
yolo_model.model.7.conv,38,0.0
yolo_model.model.7.conv,39,0.0
yolo_model.model.7.conv,40,0.0
yolo_model.model.7.conv,41,0.0
yolo_model.model.7.conv,42,0.0
yolo_model.model.7.conv,43,0.0
yolo_model.model.7.conv,44,0.0
yolo_model.model.7.conv,45,0.0
yolo_model.model.7.conv,46,0.0
yolo_model.model.7.conv,47,0.0
yolo_model.model.7.conv,48,0.0
yolo_model.model.7.conv,49,0.0
yolo_model.model.7.conv,50,0.0
yolo_model.model.7.conv,51,0.0
yolo_model.model.7.conv,52,0.0
yolo_model.model.7.conv,53,0.0
yolo_model.model.7.conv,54,0.0
yolo_model.model.7.conv,55,0.0
yolo_model.model.7.conv,56,0.0
yolo_model.model.7.conv,57,0.0
yolo_model.model.7.conv,58,0.0
yolo_model.model.7.conv,59,0.0
yolo_model.model.7.conv,60,0.0
yolo_model.model.7.conv,61,0.0
yolo_model.model.7.conv,62,0.0
yolo_model.model.7.conv,63,0.0
yolo_model.model.7.conv,64,0.0
yolo_model.model.7.conv,65,0.0
yolo_model.model.7.conv,66,0.0
yolo_model.model.7.conv,67,0.0
yolo_model.model.7.conv,68,0.0
yolo_model.model.7.conv,69,2.0
yolo_model.model.7.conv,70,0.0
yolo_model.model.7.conv,71,0.0
yolo_model.model.7.conv,72,0.0
yolo_model.model.7.conv,73,0.0
yolo_model.model.7.conv,74,0.0
yolo_model.model.7.conv,75,0.0
yolo_model.model.7.conv,76,0.0
yolo_model.model.7.conv,77,35.0
yolo_model.model.7.conv,78,0.0
yolo_model.model.7.conv,79,0.0
yolo_model.model.7.conv,80,8.0
yolo_model.model.7.conv,81,0.0
yolo_model.model.7.conv,82,0.0
yolo_model.model.7.conv,83,13.0
yolo_model.model.7.conv,84,2107.0
yolo_model.model.7.conv,85,0.0
yolo_model.model.7.conv,86,0.0
yolo_model.model.7.conv,87,0.0
yolo_model.model.7.conv,88,0.0
yolo_model.model.7.conv,89,0.0
yolo_model.model.7.conv,90,0.0
yolo_model.model.7.conv,91,0.0
yolo_model.model.7.conv,92,4.0
yolo_model.model.7.conv,93,0.0
yolo_model.model.7.conv,94,0.0
yolo_model.model.7.conv,95,0.0
yolo_model.model.7.conv,96,0.0
yolo_model.model.7.conv,97,0.0
yolo_model.model.7.conv,98,15.0
yolo_model.model.7.conv,99,0.0
yolo_model.model.7.conv,100,24.0
yolo_model.model.7.conv,101,16.0
yolo_model.model.7.conv,102,0.0
yolo_model.model.7.conv,103,0.0
yolo_model.model.7.conv,104,0.0
yolo_model.model.7.conv,105,0.0
yolo_model.model.7.conv,106,0.0
yolo_model.model.7.conv,107,0.0
yolo_model.model.7.conv,108,0.0
yolo_model.model.7.conv,109,0.0
yolo_model.model.7.conv,110,47.0
yolo_model.model.7.conv,111,0.0
yolo_model.model.7.conv,112,0.0
yolo_model.model.7.conv,113,0.0
yolo_model.model.7.conv,114,0.0
yolo_model.model.7.conv,115,0.0
yolo_model.model.7.conv,116,0.0
yolo_model.model.7.conv,117,25.0
yolo_model.model.7.conv,118,0.0
yolo_model.model.7.conv,119,62.0
yolo_model.model.7.conv,120,0.0
yolo_model.model.7.conv,121,0.0
yolo_model.model.7.conv,122,0.0
yolo_model.model.7.conv,123,0.0
yolo_model.model.7.conv,124,0.0
yolo_model.model.7.conv,125,0.0
yolo_model.model.7.conv,126,0.0
yolo_model.model.7.conv,127,0.0
yolo_model.model.7.conv,128,0.0
yolo_model.model.7.conv,129,0.0
yolo_model.model.7.conv,130,0.0
yolo_model.model.7.conv,131,0.0
yolo_model.model.7.conv,132,0.0
yolo_model.model.7.conv,133,38.0
yolo_model.model.7.conv,134,0.0
yolo_model.model.7.conv,135,0.0
yolo_model.model.7.conv,136,0.0
yolo_model.model.7.conv,137,0.0
yolo_model.model.7.conv,138,0.0
yolo_model.model.7.conv,139,0.0
yolo_model.model.7.conv,140,0.0
yolo_model.model.7.conv,141,0.0
yolo_model.model.7.conv,142,0.0
yolo_model.model.7.conv,143,0.0
yolo_model.model.7.conv,144,0.0
yolo_model.model.7.conv,145,0.0
yolo_model.model.7.conv,146,0.0
yolo_model.model.7.conv,147,0.0
yolo_model.model.7.conv,148,0.0
yolo_model.model.7.conv,149,0.0
yolo_model.model.7.conv,150,16.0
yolo_model.model.7.conv,151,0.0
yolo_model.model.7.conv,152,0.0
yolo_model.model.7.conv,153,0.0
yolo_model.model.7.conv,154,1.0
yolo_model.model.7.conv,155,0.0
yolo_model.model.7.conv,156,0.0
yolo_model.model.7.conv,157,0.0
yolo_model.model.7.conv,158,0.0
yolo_model.model.7.conv,159,0.0
yolo_model.model.7.conv,160,0.0
yolo_model.model.7.conv,161,0.0
yolo_model.model.7.conv,162,0.0
yolo_model.model.7.conv,163,0.0
yolo_model.model.7.conv,164,0.0
yolo_model.model.7.conv,165,0.0
yolo_model.model.7.conv,166,0.0
yolo_model.model.7.conv,167,19.0
yolo_model.model.7.conv,168,8.0
yolo_model.model.7.conv,169,0.0
yolo_model.model.7.conv,170,0.0
yolo_model.model.7.conv,171,0.0
yolo_model.model.7.conv,172,0.0
yolo_model.model.7.conv,173,0.0
yolo_model.model.7.conv,174,0.0
yolo_model.model.7.conv,175,0.0
yolo_model.model.7.conv,176,0.0
yolo_model.model.7.conv,177,0.0
yolo_model.model.7.conv,178,0.0
yolo_model.model.7.conv,179,5.0
yolo_model.model.7.conv,180,0.0
yolo_model.model.7.conv,181,0.0
yolo_model.model.7.conv,182,0.0
yolo_model.model.7.conv,183,0.0
yolo_model.model.7.conv,184,0.0
yolo_model.model.7.conv,185,0.0
yolo_model.model.7.conv,186,0.0
yolo_model.model.7.conv,187,0.0
yolo_model.model.7.conv,188,14.0
yolo_model.model.7.conv,189,0.0
yolo_model.model.7.conv,190,0.0
yolo_model.model.7.conv,191,0.0
yolo_model.model.7.conv,192,0.0
yolo_model.model.7.conv,193,0.0
yolo_model.model.7.conv,194,43.0
yolo_model.model.7.conv,195,0.0
yolo_model.model.7.conv,196,0.0
yolo_model.model.7.conv,197,0.0
yolo_model.model.7.conv,198,0.0
yolo_model.model.7.conv,199,0.0
yolo_model.model.7.conv,200,0.0
yolo_model.model.7.conv,201,0.0
yolo_model.model.7.conv,202,0.0
yolo_model.model.7.conv,203,0.0
yolo_model.model.7.conv,204,0.0
yolo_model.model.7.conv,205,0.0
yolo_model.model.7.conv,206,0.0
yolo_model.model.7.conv,207,0.0
yolo_model.model.7.conv,208,0.0
yolo_model.model.7.conv,209,0.0
yolo_model.model.7.conv,210,0.0
yolo_model.model.7.conv,211,0.0
yolo_model.model.7.conv,212,0.0
yolo_model.model.7.conv,213,0.0
yolo_model.model.7.conv,214,0.0
yolo_model.model.7.conv,215,0.0
yolo_model.model.7.conv,216,0.0
yolo_model.model.7.conv,217,0.0
yolo_model.model.7.conv,218,0.0
yolo_model.model.7.conv,219,0.0
yolo_model.model.7.conv,220,4.0
yolo_model.model.7.conv,221,0.0
yolo_model.model.7.conv,222,0.0
yolo_model.model.7.conv,223,10.0
yolo_model.model.7.conv,224,0.0
yolo_model.model.7.conv,225,0.0
yolo_model.model.7.conv,226,0.0
yolo_model.model.7.conv,227,2.0
yolo_model.model.7.conv,228,0.0
yolo_model.model.7.conv,229,0.0
yolo_model.model.7.conv,230,0.0
yolo_model.model.7.conv,231,0.0
yolo_model.model.7.conv,232,0.0
yolo_model.model.7.conv,233,11.0
yolo_model.model.7.conv,234,0.0
yolo_model.model.7.conv,235,0.0
yolo_model.model.7.conv,236,0.0
yolo_model.model.7.conv,237,2.0
yolo_model.model.7.conv,238,0.0
yolo_model.model.7.conv,239,0.0
yolo_model.model.7.conv,240,0.0
yolo_model.model.7.conv,241,0.0
yolo_model.model.7.conv,242,0.0
yolo_model.model.7.conv,243,0.0
yolo_model.model.7.conv,244,0.0
yolo_model.model.7.conv,245,0.0
yolo_model.model.7.conv,246,0.0
yolo_model.model.7.conv,247,0.0
yolo_model.model.7.conv,248,108.0
yolo_model.model.7.conv,249,3.0
yolo_model.model.7.conv,250,8.0
yolo_model.model.7.conv,251,0.0
yolo_model.model.7.conv,252,26.0
yolo_model.model.7.conv,253,0.0
yolo_model.model.7.conv,254,0.0
yolo_model.model.7.conv,255,0.0
yolo_model.model.8.cv1.conv,0,0.0
yolo_model.model.8.cv1.conv,1,0.0
yolo_model.model.8.cv1.conv,2,0.0
yolo_model.model.8.cv1.conv,3,0.0
yolo_model.model.8.cv1.conv,4,0.0
yolo_model.model.8.cv1.conv,5,0.0
yolo_model.model.8.cv1.conv,6,0.0
yolo_model.model.8.cv1.conv,7,0.0
yolo_model.model.8.cv1.conv,8,0.0
yolo_model.model.8.cv1.conv,9,0.0
yolo_model.model.8.cv1.conv,10,0.0
yolo_model.model.8.cv1.conv,11,0.0
yolo_model.model.8.cv1.conv,12,0.0
yolo_model.model.8.cv1.conv,13,0.0
yolo_model.model.8.cv1.conv,14,0.0
yolo_model.model.8.cv1.conv,15,0.0
yolo_model.model.8.cv1.conv,16,0.0
yolo_model.model.8.cv1.conv,17,0.0
yolo_model.model.8.cv1.conv,18,0.0
yolo_model.model.8.cv1.conv,19,0.0
yolo_model.model.8.cv1.conv,20,0.0
yolo_model.model.8.cv1.conv,21,0.0
yolo_model.model.8.cv1.conv,22,0.0
yolo_model.model.8.cv1.conv,23,0.0
yolo_model.model.8.cv1.conv,24,0.0
yolo_model.model.8.cv1.conv,25,0.0
yolo_model.model.8.cv1.conv,26,0.0
yolo_model.model.8.cv1.conv,27,0.0
yolo_model.model.8.cv1.conv,28,0.0
yolo_model.model.8.cv1.conv,29,0.0
yolo_model.model.8.cv1.conv,30,0.0
yolo_model.model.8.cv1.conv,31,0.0
yolo_model.model.8.cv1.conv,32,0.0
yolo_model.model.8.cv1.conv,33,0.0
yolo_model.model.8.cv1.conv,34,0.0
yolo_model.model.8.cv1.conv,35,0.0
yolo_model.model.8.cv1.conv,36,0.0
yolo_model.model.8.cv1.conv,37,0.0
yolo_model.model.8.cv1.conv,38,0.0
yolo_model.model.8.cv1.conv,39,4.0
yolo_model.model.8.cv1.conv,40,0.0
yolo_model.model.8.cv1.conv,41,0.0
yolo_model.model.8.cv1.conv,42,0.0
yolo_model.model.8.cv1.conv,43,9.0
yolo_model.model.8.cv1.conv,44,0.0
yolo_model.model.8.cv1.conv,45,0.0
yolo_model.model.8.cv1.conv,46,0.0
yolo_model.model.8.cv1.conv,47,0.0
yolo_model.model.8.cv1.conv,48,0.0
yolo_model.model.8.cv1.conv,49,0.0
yolo_model.model.8.cv1.conv,50,0.0
yolo_model.model.8.cv1.conv,51,0.0
yolo_model.model.8.cv1.conv,52,0.0
yolo_model.model.8.cv1.conv,53,0.0
yolo_model.model.8.cv1.conv,54,0.0
yolo_model.model.8.cv1.conv,55,0.0
yolo_model.model.8.cv1.conv,56,0.0
yolo_model.model.8.cv1.conv,57,0.0
yolo_model.model.8.cv1.conv,58,0.0
yolo_model.model.8.cv1.conv,59,0.0
yolo_model.model.8.cv1.conv,60,0.0
yolo_model.model.8.cv1.conv,61,0.0
yolo_model.model.8.cv1.conv,62,0.0
yolo_model.model.8.cv1.conv,63,0.0
yolo_model.model.8.cv1.conv,64,0.0
yolo_model.model.8.cv1.conv,65,0.0
yolo_model.model.8.cv1.conv,66,0.0
yolo_model.model.8.cv1.conv,67,0.0
yolo_model.model.8.cv1.conv,68,0.0
yolo_model.model.8.cv1.conv,69,0.0
yolo_model.model.8.cv1.conv,70,0.0
yolo_model.model.8.cv1.conv,71,0.0
yolo_model.model.8.cv1.conv,72,0.0
yolo_model.model.8.cv1.conv,73,0.0
yolo_model.model.8.cv1.conv,74,0.0
yolo_model.model.8.cv1.conv,75,0.0
yolo_model.model.8.cv1.conv,76,0.0
yolo_model.model.8.cv1.conv,77,0.0
yolo_model.model.8.cv1.conv,78,0.0
yolo_model.model.8.cv1.conv,79,0.0
yolo_model.model.8.cv1.conv,80,0.0
yolo_model.model.8.cv1.conv,81,0.0
yolo_model.model.8.cv1.conv,82,0.0
yolo_model.model.8.cv1.conv,83,0.0
yolo_model.model.8.cv1.conv,84,0.0
yolo_model.model.8.cv1.conv,85,0.0
yolo_model.model.8.cv1.conv,86,0.0
yolo_model.model.8.cv1.conv,87,0.0
yolo_model.model.8.cv1.conv,88,0.0
yolo_model.model.8.cv1.conv,89,7.0
yolo_model.model.8.cv1.conv,90,0.0
yolo_model.model.8.cv1.conv,91,0.0
yolo_model.model.8.cv1.conv,92,0.0
yolo_model.model.8.cv1.conv,93,0.0
yolo_model.model.8.cv1.conv,94,0.0
yolo_model.model.8.cv1.conv,95,0.0
yolo_model.model.8.cv1.conv,96,0.0
yolo_model.model.8.cv1.conv,97,0.0
yolo_model.model.8.cv1.conv,98,0.0
yolo_model.model.8.cv1.conv,99,0.0
yolo_model.model.8.cv1.conv,100,0.0
yolo_model.model.8.cv1.conv,101,0.0
yolo_model.model.8.cv1.conv,102,0.0
yolo_model.model.8.cv1.conv,103,0.0
yolo_model.model.8.cv1.conv,104,0.0
yolo_model.model.8.cv1.conv,105,0.0
yolo_model.model.8.cv1.conv,106,0.0
yolo_model.model.8.cv1.conv,107,0.0
yolo_model.model.8.cv1.conv,108,0.0
yolo_model.model.8.cv1.conv,109,0.0
yolo_model.model.8.cv1.conv,110,0.0
yolo_model.model.8.cv1.conv,111,0.0
yolo_model.model.8.cv1.conv,112,0.0
yolo_model.model.8.cv1.conv,113,0.0
yolo_model.model.8.cv1.conv,114,0.0
yolo_model.model.8.cv1.conv,115,0.0
yolo_model.model.8.cv1.conv,116,0.0
yolo_model.model.8.cv1.conv,117,0.0
yolo_model.model.8.cv1.conv,118,0.0
yolo_model.model.8.cv1.conv,119,0.0
yolo_model.model.8.cv1.conv,120,11.0
yolo_model.model.8.cv1.conv,121,0.0
yolo_model.model.8.cv1.conv,122,0.0
yolo_model.model.8.cv1.conv,123,0.0
yolo_model.model.8.cv1.conv,124,0.0
yolo_model.model.8.cv1.conv,125,0.0
yolo_model.model.8.cv1.conv,126,0.0
yolo_model.model.8.cv1.conv,127,0.0
yolo_model.model.8.cv1.conv,128,6.0
yolo_model.model.8.cv1.conv,129,0.0
yolo_model.model.8.cv1.conv,130,0.0
yolo_model.model.8.cv1.conv,131,0.0
yolo_model.model.8.cv1.conv,132,0.0
yolo_model.model.8.cv1.conv,133,0.0
yolo_model.model.8.cv1.conv,134,0.0
yolo_model.model.8.cv1.conv,135,0.0
yolo_model.model.8.cv1.conv,136,0.0
yolo_model.model.8.cv1.conv,137,0.0
yolo_model.model.8.cv1.conv,138,0.0
yolo_model.model.8.cv1.conv,139,0.0
yolo_model.model.8.cv1.conv,140,0.0
yolo_model.model.8.cv1.conv,141,0.0
yolo_model.model.8.cv1.conv,142,0.0
yolo_model.model.8.cv1.conv,143,0.0
yolo_model.model.8.cv1.conv,144,0.0
yolo_model.model.8.cv1.conv,145,0.0
yolo_model.model.8.cv1.conv,146,0.0
yolo_model.model.8.cv1.conv,147,0.0
yolo_model.model.8.cv1.conv,148,0.0
yolo_model.model.8.cv1.conv,149,0.0
yolo_model.model.8.cv1.conv,150,0.0
yolo_model.model.8.cv1.conv,151,0.0
yolo_model.model.8.cv1.conv,152,139.0
yolo_model.model.8.cv1.conv,153,0.0
yolo_model.model.8.cv1.conv,154,0.0
yolo_model.model.8.cv1.conv,155,6.0
yolo_model.model.8.cv1.conv,156,0.0
yolo_model.model.8.cv1.conv,157,0.0
yolo_model.model.8.cv1.conv,158,0.0
yolo_model.model.8.cv1.conv,159,0.0
yolo_model.model.8.cv1.conv,160,0.0
yolo_model.model.8.cv1.conv,161,0.0
yolo_model.model.8.cv1.conv,162,36.0
yolo_model.model.8.cv1.conv,163,0.0
yolo_model.model.8.cv1.conv,164,0.0
yolo_model.model.8.cv1.conv,165,0.0
yolo_model.model.8.cv1.conv,166,0.0
yolo_model.model.8.cv1.conv,167,0.0
yolo_model.model.8.cv1.conv,168,0.0
yolo_model.model.8.cv1.conv,169,10.0
yolo_model.model.8.cv1.conv,170,0.0
yolo_model.model.8.cv1.conv,171,0.0
yolo_model.model.8.cv1.conv,172,0.0
yolo_model.model.8.cv1.conv,173,0.0
yolo_model.model.8.cv1.conv,174,63.0
yolo_model.model.8.cv1.conv,175,0.0
yolo_model.model.8.cv1.conv,176,0.0
yolo_model.model.8.cv1.conv,177,0.0
yolo_model.model.8.cv1.conv,178,0.0
yolo_model.model.8.cv1.conv,179,0.0
yolo_model.model.8.cv1.conv,180,0.0
yolo_model.model.8.cv1.conv,181,0.0
yolo_model.model.8.cv1.conv,182,0.0
yolo_model.model.8.cv1.conv,183,0.0
yolo_model.model.8.cv1.conv,184,0.0
yolo_model.model.8.cv1.conv,185,0.0
yolo_model.model.8.cv1.conv,186,0.0
yolo_model.model.8.cv1.conv,187,0.0
yolo_model.model.8.cv1.conv,188,0.0
yolo_model.model.8.cv1.conv,189,19.0
yolo_model.model.8.cv1.conv,190,0.0
yolo_model.model.8.cv1.conv,191,0.0
yolo_model.model.8.cv1.conv,192,65.0
yolo_model.model.8.cv1.conv,193,0.0
yolo_model.model.8.cv1.conv,194,0.0
yolo_model.model.8.cv1.conv,195,0.0
yolo_model.model.8.cv1.conv,196,0.0
yolo_model.model.8.cv1.conv,197,391.0
yolo_model.model.8.cv1.conv,198,38.0
yolo_model.model.8.cv1.conv,199,58.0
yolo_model.model.8.cv1.conv,200,0.0
yolo_model.model.8.cv1.conv,201,0.0
yolo_model.model.8.cv1.conv,202,0.0
yolo_model.model.8.cv1.conv,203,0.0
yolo_model.model.8.cv1.conv,204,0.0
yolo_model.model.8.cv1.conv,205,0.0
yolo_model.model.8.cv1.conv,206,8.0
yolo_model.model.8.cv1.conv,207,0.0
yolo_model.model.8.cv1.conv,208,0.0
yolo_model.model.8.cv1.conv,209,0.0
yolo_model.model.8.cv1.conv,210,0.0
yolo_model.model.8.cv1.conv,211,0.0
yolo_model.model.8.cv1.conv,212,3.0
yolo_model.model.8.cv1.conv,213,0.0
yolo_model.model.8.cv1.conv,214,0.0
yolo_model.model.8.cv1.conv,215,0.0
yolo_model.model.8.cv1.conv,216,247.0
yolo_model.model.8.cv1.conv,217,7.0
yolo_model.model.8.cv1.conv,218,0.0
yolo_model.model.8.cv1.conv,219,0.0
yolo_model.model.8.cv1.conv,220,0.0
yolo_model.model.8.cv1.conv,221,0.0
yolo_model.model.8.cv1.conv,222,0.0
yolo_model.model.8.cv1.conv,223,0.0
yolo_model.model.8.cv1.conv,224,0.0
yolo_model.model.8.cv1.conv,225,0.0
yolo_model.model.8.cv1.conv,226,14.0
yolo_model.model.8.cv1.conv,227,0.0
yolo_model.model.8.cv1.conv,228,0.0
yolo_model.model.8.cv1.conv,229,0.0
yolo_model.model.8.cv1.conv,230,0.0
yolo_model.model.8.cv1.conv,231,0.0
yolo_model.model.8.cv1.conv,232,0.0
yolo_model.model.8.cv1.conv,233,62.0
yolo_model.model.8.cv1.conv,234,0.0
yolo_model.model.8.cv1.conv,235,0.0
yolo_model.model.8.cv1.conv,236,0.0
yolo_model.model.8.cv1.conv,237,0.0
yolo_model.model.8.cv1.conv,238,320.0
yolo_model.model.8.cv1.conv,239,0.0
yolo_model.model.8.cv1.conv,240,0.0
yolo_model.model.8.cv1.conv,241,0.0
yolo_model.model.8.cv1.conv,242,0.0
yolo_model.model.8.cv1.conv,243,74.0
yolo_model.model.8.cv1.conv,244,0.0
yolo_model.model.8.cv1.conv,245,0.0
yolo_model.model.8.cv1.conv,246,4.0
yolo_model.model.8.cv1.conv,247,17.0
yolo_model.model.8.cv1.conv,248,0.0
yolo_model.model.8.cv1.conv,249,0.0
yolo_model.model.8.cv1.conv,250,0.0
yolo_model.model.8.cv1.conv,251,0.0
yolo_model.model.8.cv1.conv,252,0.0
yolo_model.model.8.cv1.conv,253,0.0
yolo_model.model.8.cv1.conv,254,0.0
yolo_model.model.8.cv1.conv,255,0.0
yolo_model.model.8.cv2.conv,0,0.0
yolo_model.model.8.cv2.conv,1,0.0
yolo_model.model.8.cv2.conv,2,0.0
yolo_model.model.8.cv2.conv,3,0.0
yolo_model.model.8.cv2.conv,4,0.0
yolo_model.model.8.cv2.conv,5,0.0
yolo_model.model.8.cv2.conv,6,0.0
yolo_model.model.8.cv2.conv,7,0.0
yolo_model.model.8.cv2.conv,8,0.0
yolo_model.model.8.cv2.conv,9,0.0
yolo_model.model.8.cv2.conv,10,0.0
yolo_model.model.8.cv2.conv,11,0.0
yolo_model.model.8.cv2.conv,12,0.0
yolo_model.model.8.cv2.conv,13,0.0
yolo_model.model.8.cv2.conv,14,0.0
yolo_model.model.8.cv2.conv,15,0.0
yolo_model.model.8.cv2.conv,16,0.0
yolo_model.model.8.cv2.conv,17,0.0
yolo_model.model.8.cv2.conv,18,16.0
yolo_model.model.8.cv2.conv,19,0.0
yolo_model.model.8.cv2.conv,20,0.0
yolo_model.model.8.cv2.conv,21,0.0
yolo_model.model.8.cv2.conv,22,0.0
yolo_model.model.8.cv2.conv,23,0.0
yolo_model.model.8.cv2.conv,24,0.0
yolo_model.model.8.cv2.conv,25,0.0
yolo_model.model.8.cv2.conv,26,0.0
yolo_model.model.8.cv2.conv,27,13.0
yolo_model.model.8.cv2.conv,28,0.0
yolo_model.model.8.cv2.conv,29,0.0
yolo_model.model.8.cv2.conv,30,0.0
yolo_model.model.8.cv2.conv,31,0.0
yolo_model.model.8.cv2.conv,32,0.0
yolo_model.model.8.cv2.conv,33,0.0
yolo_model.model.8.cv2.conv,34,0.0
yolo_model.model.8.cv2.conv,35,0.0
yolo_model.model.8.cv2.conv,36,0.0
yolo_model.model.8.cv2.conv,37,0.0
yolo_model.model.8.cv2.conv,38,0.0
yolo_model.model.8.cv2.conv,39,0.0
yolo_model.model.8.cv2.conv,40,0.0
yolo_model.model.8.cv2.conv,41,0.0
yolo_model.model.8.cv2.conv,42,0.0
yolo_model.model.8.cv2.conv,43,0.0
yolo_model.model.8.cv2.conv,44,0.0
yolo_model.model.8.cv2.conv,45,0.0
yolo_model.model.8.cv2.conv,46,0.0
yolo_model.model.8.cv2.conv,47,0.0
yolo_model.model.8.cv2.conv,48,0.0
yolo_model.model.8.cv2.conv,49,0.0
yolo_model.model.8.cv2.conv,50,3.0
yolo_model.model.8.cv2.conv,51,0.0
yolo_model.model.8.cv2.conv,52,0.0
yolo_model.model.8.cv2.conv,53,0.0
yolo_model.model.8.cv2.conv,54,0.0
yolo_model.model.8.cv2.conv,55,0.0
yolo_model.model.8.cv2.conv,56,0.0
yolo_model.model.8.cv2.conv,57,0.0
yolo_model.model.8.cv2.conv,58,0.0
yolo_model.model.8.cv2.conv,59,0.0
yolo_model.model.8.cv2.conv,60,0.0
yolo_model.model.8.cv2.conv,61,0.0
yolo_model.model.8.cv2.conv,62,0.0
yolo_model.model.8.cv2.conv,63,0.0
yolo_model.model.8.cv2.conv,64,0.0
yolo_model.model.8.cv2.conv,65,0.0
yolo_model.model.8.cv2.conv,66,0.0
yolo_model.model.8.cv2.conv,67,0.0
yolo_model.model.8.cv2.conv,68,0.0
yolo_model.model.8.cv2.conv,69,0.0
yolo_model.model.8.cv2.conv,70,0.0
yolo_model.model.8.cv2.conv,71,0.0
yolo_model.model.8.cv2.conv,72,0.0
yolo_model.model.8.cv2.conv,73,7.0
yolo_model.model.8.cv2.conv,74,0.0
yolo_model.model.8.cv2.conv,75,0.0
yolo_model.model.8.cv2.conv,76,0.0
yolo_model.model.8.cv2.conv,77,0.0
yolo_model.model.8.cv2.conv,78,9.0
yolo_model.model.8.cv2.conv,79,0.0
yolo_model.model.8.cv2.conv,80,0.0
yolo_model.model.8.cv2.conv,81,0.0
yolo_model.model.8.cv2.conv,82,0.0
yolo_model.model.8.cv2.conv,83,0.0
yolo_model.model.8.cv2.conv,84,0.0
yolo_model.model.8.cv2.conv,85,0.0
yolo_model.model.8.cv2.conv,86,0.0
yolo_model.model.8.cv2.conv,87,0.0
yolo_model.model.8.cv2.conv,88,0.0
yolo_model.model.8.cv2.conv,89,0.0
yolo_model.model.8.cv2.conv,90,0.0
yolo_model.model.8.cv2.conv,91,0.0
yolo_model.model.8.cv2.conv,92,0.0
yolo_model.model.8.cv2.conv,93,0.0
yolo_model.model.8.cv2.conv,94,0.0
yolo_model.model.8.cv2.conv,95,0.0
yolo_model.model.8.cv2.conv,96,0.0
yolo_model.model.8.cv2.conv,97,0.0
yolo_model.model.8.cv2.conv,98,0.0
yolo_model.model.8.cv2.conv,99,0.0
yolo_model.model.8.cv2.conv,100,0.0
yolo_model.model.8.cv2.conv,101,0.0
yolo_model.model.8.cv2.conv,102,0.0
yolo_model.model.8.cv2.conv,103,3.0
yolo_model.model.8.cv2.conv,104,0.0
yolo_model.model.8.cv2.conv,105,0.0
yolo_model.model.8.cv2.conv,106,6.0
yolo_model.model.8.cv2.conv,107,0.0
yolo_model.model.8.cv2.conv,108,0.0
yolo_model.model.8.cv2.conv,109,0.0
yolo_model.model.8.cv2.conv,110,0.0
yolo_model.model.8.cv2.conv,111,0.0
yolo_model.model.8.cv2.conv,112,0.0
yolo_model.model.8.cv2.conv,113,0.0
yolo_model.model.8.cv2.conv,114,0.0
yolo_model.model.8.cv2.conv,115,0.0
yolo_model.model.8.cv2.conv,116,0.0
yolo_model.model.8.cv2.conv,117,0.0
yolo_model.model.8.cv2.conv,118,0.0
yolo_model.model.8.cv2.conv,119,0.0
yolo_model.model.8.cv2.conv,120,0.0
yolo_model.model.8.cv2.conv,121,0.0
yolo_model.model.8.cv2.conv,122,0.0
yolo_model.model.8.cv2.conv,123,0.0
yolo_model.model.8.cv2.conv,124,0.0
yolo_model.model.8.cv2.conv,125,0.0
yolo_model.model.8.cv2.conv,126,0.0
yolo_model.model.8.cv2.conv,127,0.0
yolo_model.model.8.cv2.conv,128,0.0
yolo_model.model.8.cv2.conv,129,0.0
yolo_model.model.8.cv2.conv,130,0.0
yolo_model.model.8.cv2.conv,131,0.0
yolo_model.model.8.cv2.conv,132,0.0
yolo_model.model.8.cv2.conv,133,0.0
yolo_model.model.8.cv2.conv,134,30.0
yolo_model.model.8.cv2.conv,135,0.0
yolo_model.model.8.cv2.conv,136,0.0
yolo_model.model.8.cv2.conv,137,0.0
yolo_model.model.8.cv2.conv,138,0.0
yolo_model.model.8.cv2.conv,139,0.0
yolo_model.model.8.cv2.conv,140,0.0
yolo_model.model.8.cv2.conv,141,0.0
yolo_model.model.8.cv2.conv,142,0.0
yolo_model.model.8.cv2.conv,143,0.0
yolo_model.model.8.cv2.conv,144,0.0
yolo_model.model.8.cv2.conv,145,0.0
yolo_model.model.8.cv2.conv,146,0.0
yolo_model.model.8.cv2.conv,147,0.0
yolo_model.model.8.cv2.conv,148,0.0
yolo_model.model.8.cv2.conv,149,0.0
yolo_model.model.8.cv2.conv,150,0.0
yolo_model.model.8.cv2.conv,151,0.0
yolo_model.model.8.cv2.conv,152,0.0
yolo_model.model.8.cv2.conv,153,0.0
yolo_model.model.8.cv2.conv,154,0.0
yolo_model.model.8.cv2.conv,155,0.0
yolo_model.model.8.cv2.conv,156,10.0
yolo_model.model.8.cv2.conv,157,0.0
yolo_model.model.8.cv2.conv,158,0.0
yolo_model.model.8.cv2.conv,159,0.0
yolo_model.model.8.cv2.conv,160,0.0
yolo_model.model.8.cv2.conv,161,0.0
yolo_model.model.8.cv2.conv,162,0.0
yolo_model.model.8.cv2.conv,163,0.0
yolo_model.model.8.cv2.conv,164,0.0
yolo_model.model.8.cv2.conv,165,0.0
yolo_model.model.8.cv2.conv,166,0.0
yolo_model.model.8.cv2.conv,167,0.0
yolo_model.model.8.cv2.conv,168,27.0
yolo_model.model.8.cv2.conv,169,0.0
yolo_model.model.8.cv2.conv,170,0.0
yolo_model.model.8.cv2.conv,171,0.0
yolo_model.model.8.cv2.conv,172,0.0
yolo_model.model.8.cv2.conv,173,0.0
yolo_model.model.8.cv2.conv,174,0.0
yolo_model.model.8.cv2.conv,175,0.0
yolo_model.model.8.cv2.conv,176,0.0
yolo_model.model.8.cv2.conv,177,0.0
yolo_model.model.8.cv2.conv,178,26.0
yolo_model.model.8.cv2.conv,179,0.0
yolo_model.model.8.cv2.conv,180,0.0
yolo_model.model.8.cv2.conv,181,0.0
yolo_model.model.8.cv2.conv,182,0.0
yolo_model.model.8.cv2.conv,183,0.0
yolo_model.model.8.cv2.conv,184,0.0
yolo_model.model.8.cv2.conv,185,0.0
yolo_model.model.8.cv2.conv,186,0.0
yolo_model.model.8.cv2.conv,187,0.0
yolo_model.model.8.cv2.conv,188,0.0
yolo_model.model.8.cv2.conv,189,0.0
yolo_model.model.8.cv2.conv,190,0.0
yolo_model.model.8.cv2.conv,191,10.0
yolo_model.model.8.cv2.conv,192,0.0
yolo_model.model.8.cv2.conv,193,0.0
yolo_model.model.8.cv2.conv,194,0.0
yolo_model.model.8.cv2.conv,195,0.0
yolo_model.model.8.cv2.conv,196,0.0
yolo_model.model.8.cv2.conv,197,0.0
yolo_model.model.8.cv2.conv,198,0.0
yolo_model.model.8.cv2.conv,199,0.0
yolo_model.model.8.cv2.conv,200,0.0
yolo_model.model.8.cv2.conv,201,0.0
yolo_model.model.8.cv2.conv,202,0.0
yolo_model.model.8.cv2.conv,203,0.0
yolo_model.model.8.cv2.conv,204,0.0
yolo_model.model.8.cv2.conv,205,0.0
yolo_model.model.8.cv2.conv,206,0.0
yolo_model.model.8.cv2.conv,207,0.0
yolo_model.model.8.cv2.conv,208,34.0
yolo_model.model.8.cv2.conv,209,0.0
yolo_model.model.8.cv2.conv,210,0.0
yolo_model.model.8.cv2.conv,211,0.0
yolo_model.model.8.cv2.conv,212,0.0
yolo_model.model.8.cv2.conv,213,0.0
yolo_model.model.8.cv2.conv,214,0.0
yolo_model.model.8.cv2.conv,215,0.0
yolo_model.model.8.cv2.conv,216,0.0
yolo_model.model.8.cv2.conv,217,0.0
yolo_model.model.8.cv2.conv,218,0.0
yolo_model.model.8.cv2.conv,219,0.0
yolo_model.model.8.cv2.conv,220,0.0
yolo_model.model.8.cv2.conv,221,0.0
yolo_model.model.8.cv2.conv,222,10.0
yolo_model.model.8.cv2.conv,223,0.0
yolo_model.model.8.cv2.conv,224,0.0
yolo_model.model.8.cv2.conv,225,0.0
yolo_model.model.8.cv2.conv,226,0.0
yolo_model.model.8.cv2.conv,227,0.0
yolo_model.model.8.cv2.conv,228,0.0
yolo_model.model.8.cv2.conv,229,0.0
yolo_model.model.8.cv2.conv,230,0.0
yolo_model.model.8.cv2.conv,231,0.0
yolo_model.model.8.cv2.conv,232,5.0
yolo_model.model.8.cv2.conv,233,0.0
yolo_model.model.8.cv2.conv,234,6.0
yolo_model.model.8.cv2.conv,235,0.0
yolo_model.model.8.cv2.conv,236,0.0
yolo_model.model.8.cv2.conv,237,0.0
yolo_model.model.8.cv2.conv,238,0.0
yolo_model.model.8.cv2.conv,239,0.0
yolo_model.model.8.cv2.conv,240,0.0
yolo_model.model.8.cv2.conv,241,0.0
yolo_model.model.8.cv2.conv,242,0.0
yolo_model.model.8.cv2.conv,243,0.0
yolo_model.model.8.cv2.conv,244,0.0
yolo_model.model.8.cv2.conv,245,0.0
yolo_model.model.8.cv2.conv,246,0.0
yolo_model.model.8.cv2.conv,247,0.0
yolo_model.model.8.cv2.conv,248,0.0
yolo_model.model.8.cv2.conv,249,0.0
yolo_model.model.8.cv2.conv,250,0.0
yolo_model.model.8.cv2.conv,251,0.0
yolo_model.model.8.cv2.conv,252,0.0
yolo_model.model.8.cv2.conv,253,0.0
yolo_model.model.8.cv2.conv,254,0.0
yolo_model.model.8.cv2.conv,255,0.0
yolo_model.model.8.m.0.cv1.conv,0,0.0
yolo_model.model.8.m.0.cv1.conv,1,0.0
yolo_model.model.8.m.0.cv1.conv,2,22.0
yolo_model.model.8.m.0.cv1.conv,3,16.0
yolo_model.model.8.m.0.cv1.conv,4,1.0
yolo_model.model.8.m.0.cv1.conv,5,0.0
yolo_model.model.8.m.0.cv1.conv,6,0.0
yolo_model.model.8.m.0.cv1.conv,7,0.0
yolo_model.model.8.m.0.cv1.conv,8,0.0
yolo_model.model.8.m.0.cv1.conv,9,0.0
yolo_model.model.8.m.0.cv1.conv,10,0.0
yolo_model.model.8.m.0.cv1.conv,11,0.0
yolo_model.model.8.m.0.cv1.conv,12,0.0
yolo_model.model.8.m.0.cv1.conv,13,0.0
yolo_model.model.8.m.0.cv1.conv,14,0.0
yolo_model.model.8.m.0.cv1.conv,15,0.0
yolo_model.model.8.m.0.cv1.conv,16,0.0
yolo_model.model.8.m.0.cv1.conv,17,0.0
yolo_model.model.8.m.0.cv1.conv,18,14.0
yolo_model.model.8.m.0.cv1.conv,19,0.0
yolo_model.model.8.m.0.cv1.conv,20,0.0
yolo_model.model.8.m.0.cv1.conv,21,12.0
yolo_model.model.8.m.0.cv1.conv,22,0.0
yolo_model.model.8.m.0.cv1.conv,23,24.0
yolo_model.model.8.m.0.cv1.conv,24,28.0
yolo_model.model.8.m.0.cv1.conv,25,0.0
yolo_model.model.8.m.0.cv1.conv,26,0.0
yolo_model.model.8.m.0.cv1.conv,27,0.0
yolo_model.model.8.m.0.cv1.conv,28,0.0
yolo_model.model.8.m.0.cv1.conv,29,0.0
yolo_model.model.8.m.0.cv1.conv,30,0.0
yolo_model.model.8.m.0.cv1.conv,31,0.0
yolo_model.model.8.m.0.cv1.conv,32,0.0
yolo_model.model.8.m.0.cv1.conv,33,0.0
yolo_model.model.8.m.0.cv1.conv,34,0.0
yolo_model.model.8.m.0.cv1.conv,35,0.0
yolo_model.model.8.m.0.cv1.conv,36,0.0
yolo_model.model.8.m.0.cv1.conv,37,0.0
yolo_model.model.8.m.0.cv1.conv,38,0.0
yolo_model.model.8.m.0.cv1.conv,39,0.0
yolo_model.model.8.m.0.cv1.conv,40,0.0
yolo_model.model.8.m.0.cv1.conv,41,38.0
yolo_model.model.8.m.0.cv1.conv,42,0.0
yolo_model.model.8.m.0.cv1.conv,43,0.0
yolo_model.model.8.m.0.cv1.conv,44,0.0
yolo_model.model.8.m.0.cv1.conv,45,0.0
yolo_model.model.8.m.0.cv1.conv,46,5.0
yolo_model.model.8.m.0.cv1.conv,47,0.0
yolo_model.model.8.m.0.cv1.conv,48,11.0
yolo_model.model.8.m.0.cv1.conv,49,1.0
yolo_model.model.8.m.0.cv1.conv,50,0.0
yolo_model.model.8.m.0.cv1.conv,51,0.0
yolo_model.model.8.m.0.cv1.conv,52,0.0
yolo_model.model.8.m.0.cv1.conv,53,4.0
yolo_model.model.8.m.0.cv1.conv,54,0.0
yolo_model.model.8.m.0.cv1.conv,55,11.0
yolo_model.model.8.m.0.cv1.conv,56,0.0
yolo_model.model.8.m.0.cv1.conv,57,0.0
yolo_model.model.8.m.0.cv1.conv,58,0.0
yolo_model.model.8.m.0.cv1.conv,59,0.0
yolo_model.model.8.m.0.cv1.conv,60,0.0
yolo_model.model.8.m.0.cv1.conv,61,11.0
yolo_model.model.8.m.0.cv1.conv,62,119.0
yolo_model.model.8.m.0.cv1.conv,63,12.0
yolo_model.model.8.m.0.cv2.conv,0,0.0
yolo_model.model.8.m.0.cv2.conv,1,0.0
yolo_model.model.8.m.0.cv2.conv,2,0.0
yolo_model.model.8.m.0.cv2.conv,3,0.0
yolo_model.model.8.m.0.cv2.conv,4,0.0
yolo_model.model.8.m.0.cv2.conv,5,0.0
yolo_model.model.8.m.0.cv2.conv,6,0.0
yolo_model.model.8.m.0.cv2.conv,7,0.0
yolo_model.model.8.m.0.cv2.conv,8,0.0
yolo_model.model.8.m.0.cv2.conv,9,0.0
yolo_model.model.8.m.0.cv2.conv,10,0.0
yolo_model.model.8.m.0.cv2.conv,11,0.0
yolo_model.model.8.m.0.cv2.conv,12,0.0
yolo_model.model.8.m.0.cv2.conv,13,0.0
yolo_model.model.8.m.0.cv2.conv,14,0.0
yolo_model.model.8.m.0.cv2.conv,15,0.0
yolo_model.model.8.m.0.cv2.conv,16,0.0
yolo_model.model.8.m.0.cv2.conv,17,0.0
yolo_model.model.8.m.0.cv2.conv,18,0.0
yolo_model.model.8.m.0.cv2.conv,19,0.0
yolo_model.model.8.m.0.cv2.conv,20,0.0
yolo_model.model.8.m.0.cv2.conv,21,0.0
yolo_model.model.8.m.0.cv2.conv,22,0.0
yolo_model.model.8.m.0.cv2.conv,23,0.0
yolo_model.model.8.m.0.cv2.conv,24,0.0
yolo_model.model.8.m.0.cv2.conv,25,0.0
yolo_model.model.8.m.0.cv2.conv,26,0.0
yolo_model.model.8.m.0.cv2.conv,27,0.0
yolo_model.model.8.m.0.cv2.conv,28,0.0
yolo_model.model.8.m.0.cv2.conv,29,0.0
yolo_model.model.8.m.0.cv2.conv,30,0.0
yolo_model.model.8.m.0.cv2.conv,31,0.0
yolo_model.model.8.m.0.cv2.conv,32,0.0
yolo_model.model.8.m.0.cv2.conv,33,0.0
yolo_model.model.8.m.0.cv2.conv,34,0.0
yolo_model.model.8.m.0.cv2.conv,35,0.0
yolo_model.model.8.m.0.cv2.conv,36,0.0
yolo_model.model.8.m.0.cv2.conv,37,0.0
yolo_model.model.8.m.0.cv2.conv,38,0.0
yolo_model.model.8.m.0.cv2.conv,39,0.0
yolo_model.model.8.m.0.cv2.conv,40,0.0
yolo_model.model.8.m.0.cv2.conv,41,0.0
yolo_model.model.8.m.0.cv2.conv,42,0.0
yolo_model.model.8.m.0.cv2.conv,43,0.0
yolo_model.model.8.m.0.cv2.conv,44,0.0
yolo_model.model.8.m.0.cv2.conv,45,0.0
yolo_model.model.8.m.0.cv2.conv,46,0.0
yolo_model.model.8.m.0.cv2.conv,47,0.0
yolo_model.model.8.m.0.cv2.conv,48,0.0
yolo_model.model.8.m.0.cv2.conv,49,0.0
yolo_model.model.8.m.0.cv2.conv,50,0.0
yolo_model.model.8.m.0.cv2.conv,51,0.0
yolo_model.model.8.m.0.cv2.conv,52,0.0
yolo_model.model.8.m.0.cv2.conv,53,0.0
yolo_model.model.8.m.0.cv2.conv,54,0.0
yolo_model.model.8.m.0.cv2.conv,55,0.0
yolo_model.model.8.m.0.cv2.conv,56,0.0
yolo_model.model.8.m.0.cv2.conv,57,0.0
yolo_model.model.8.m.0.cv2.conv,58,0.0
yolo_model.model.8.m.0.cv2.conv,59,0.0
yolo_model.model.8.m.0.cv2.conv,60,0.0
yolo_model.model.8.m.0.cv2.conv,61,0.0
yolo_model.model.8.m.0.cv2.conv,62,0.0
yolo_model.model.8.m.0.cv2.conv,63,0.0
yolo_model.model.8.m.0.cv3.conv,0,0.0
yolo_model.model.8.m.0.cv3.conv,1,0.0
yolo_model.model.8.m.0.cv3.conv,2,0.0
yolo_model.model.8.m.0.cv3.conv,3,0.0
yolo_model.model.8.m.0.cv3.conv,4,0.0
yolo_model.model.8.m.0.cv3.conv,5,0.0
yolo_model.model.8.m.0.cv3.conv,6,0.0
yolo_model.model.8.m.0.cv3.conv,7,0.0
yolo_model.model.8.m.0.cv3.conv,8,0.0
yolo_model.model.8.m.0.cv3.conv,9,0.0
yolo_model.model.8.m.0.cv3.conv,10,0.0
yolo_model.model.8.m.0.cv3.conv,11,0.0
yolo_model.model.8.m.0.cv3.conv,12,0.0
yolo_model.model.8.m.0.cv3.conv,13,0.0
yolo_model.model.8.m.0.cv3.conv,14,0.0
yolo_model.model.8.m.0.cv3.conv,15,9.0
yolo_model.model.8.m.0.cv3.conv,16,0.0
yolo_model.model.8.m.0.cv3.conv,17,0.0
yolo_model.model.8.m.0.cv3.conv,18,0.0
yolo_model.model.8.m.0.cv3.conv,19,0.0
yolo_model.model.8.m.0.cv3.conv,20,0.0
yolo_model.model.8.m.0.cv3.conv,21,0.0
yolo_model.model.8.m.0.cv3.conv,22,0.0
yolo_model.model.8.m.0.cv3.conv,23,0.0
yolo_model.model.8.m.0.cv3.conv,24,0.0
yolo_model.model.8.m.0.cv3.conv,25,0.0
yolo_model.model.8.m.0.cv3.conv,26,0.0
yolo_model.model.8.m.0.cv3.conv,27,0.0
yolo_model.model.8.m.0.cv3.conv,28,0.0
yolo_model.model.8.m.0.cv3.conv,29,0.0
yolo_model.model.8.m.0.cv3.conv,30,0.0
yolo_model.model.8.m.0.cv3.conv,31,18.0
yolo_model.model.8.m.0.cv3.conv,32,0.0
yolo_model.model.8.m.0.cv3.conv,33,0.0
yolo_model.model.8.m.0.cv3.conv,34,0.0
yolo_model.model.8.m.0.cv3.conv,35,0.0
yolo_model.model.8.m.0.cv3.conv,36,0.0
yolo_model.model.8.m.0.cv3.conv,37,0.0
yolo_model.model.8.m.0.cv3.conv,38,0.0
yolo_model.model.8.m.0.cv3.conv,39,0.0
yolo_model.model.8.m.0.cv3.conv,40,0.0
yolo_model.model.8.m.0.cv3.conv,41,0.0
yolo_model.model.8.m.0.cv3.conv,42,0.0
yolo_model.model.8.m.0.cv3.conv,43,0.0
yolo_model.model.8.m.0.cv3.conv,44,0.0
yolo_model.model.8.m.0.cv3.conv,45,0.0
yolo_model.model.8.m.0.cv3.conv,46,0.0
yolo_model.model.8.m.0.cv3.conv,47,0.0
yolo_model.model.8.m.0.cv3.conv,48,0.0
yolo_model.model.8.m.0.cv3.conv,49,0.0
yolo_model.model.8.m.0.cv3.conv,50,0.0
yolo_model.model.8.m.0.cv3.conv,51,0.0
yolo_model.model.8.m.0.cv3.conv,52,0.0
yolo_model.model.8.m.0.cv3.conv,53,0.0
yolo_model.model.8.m.0.cv3.conv,54,0.0
yolo_model.model.8.m.0.cv3.conv,55,0.0
yolo_model.model.8.m.0.cv3.conv,56,0.0
yolo_model.model.8.m.0.cv3.conv,57,0.0
yolo_model.model.8.m.0.cv3.conv,58,0.0
yolo_model.model.8.m.0.cv3.conv,59,0.0
yolo_model.model.8.m.0.cv3.conv,60,0.0
yolo_model.model.8.m.0.cv3.conv,61,0.0
yolo_model.model.8.m.0.cv3.conv,62,0.0
yolo_model.model.8.m.0.cv3.conv,63,0.0
yolo_model.model.8.m.0.cv3.conv,64,0.0
yolo_model.model.8.m.0.cv3.conv,65,0.0
yolo_model.model.8.m.0.cv3.conv,66,0.0
yolo_model.model.8.m.0.cv3.conv,67,0.0
yolo_model.model.8.m.0.cv3.conv,68,0.0
yolo_model.model.8.m.0.cv3.conv,69,0.0
yolo_model.model.8.m.0.cv3.conv,70,0.0
yolo_model.model.8.m.0.cv3.conv,71,0.0
yolo_model.model.8.m.0.cv3.conv,72,0.0
yolo_model.model.8.m.0.cv3.conv,73,0.0
yolo_model.model.8.m.0.cv3.conv,74,0.0
yolo_model.model.8.m.0.cv3.conv,75,0.0
yolo_model.model.8.m.0.cv3.conv,76,0.0
yolo_model.model.8.m.0.cv3.conv,77,0.0
yolo_model.model.8.m.0.cv3.conv,78,22.0
yolo_model.model.8.m.0.cv3.conv,79,0.0
yolo_model.model.8.m.0.cv3.conv,80,0.0
yolo_model.model.8.m.0.cv3.conv,81,0.0
yolo_model.model.8.m.0.cv3.conv,82,0.0
yolo_model.model.8.m.0.cv3.conv,83,20.0
yolo_model.model.8.m.0.cv3.conv,84,10.0
yolo_model.model.8.m.0.cv3.conv,85,0.0
yolo_model.model.8.m.0.cv3.conv,86,0.0
yolo_model.model.8.m.0.cv3.conv,87,0.0
yolo_model.model.8.m.0.cv3.conv,88,0.0
yolo_model.model.8.m.0.cv3.conv,89,0.0
yolo_model.model.8.m.0.cv3.conv,90,0.0
yolo_model.model.8.m.0.cv3.conv,91,0.0
yolo_model.model.8.m.0.cv3.conv,92,0.0
yolo_model.model.8.m.0.cv3.conv,93,0.0
yolo_model.model.8.m.0.cv3.conv,94,0.0
yolo_model.model.8.m.0.cv3.conv,95,0.0
yolo_model.model.8.m.0.cv3.conv,96,0.0
yolo_model.model.8.m.0.cv3.conv,97,0.0
yolo_model.model.8.m.0.cv3.conv,98,6.0
yolo_model.model.8.m.0.cv3.conv,99,0.0
yolo_model.model.8.m.0.cv3.conv,100,0.0
yolo_model.model.8.m.0.cv3.conv,101,0.0
yolo_model.model.8.m.0.cv3.conv,102,0.0
yolo_model.model.8.m.0.cv3.conv,103,0.0
yolo_model.model.8.m.0.cv3.conv,104,0.0
yolo_model.model.8.m.0.cv3.conv,105,0.0
yolo_model.model.8.m.0.cv3.conv,106,0.0
yolo_model.model.8.m.0.cv3.conv,107,0.0
yolo_model.model.8.m.0.cv3.conv,108,0.0
yolo_model.model.8.m.0.cv3.conv,109,0.0
yolo_model.model.8.m.0.cv3.conv,110,0.0
yolo_model.model.8.m.0.cv3.conv,111,0.0
yolo_model.model.8.m.0.cv3.conv,112,0.0
yolo_model.model.8.m.0.cv3.conv,113,0.0
yolo_model.model.8.m.0.cv3.conv,114,0.0
yolo_model.model.8.m.0.cv3.conv,115,0.0
yolo_model.model.8.m.0.cv3.conv,116,0.0
yolo_model.model.8.m.0.cv3.conv,117,0.0
yolo_model.model.8.m.0.cv3.conv,118,0.0
yolo_model.model.8.m.0.cv3.conv,119,0.0
yolo_model.model.8.m.0.cv3.conv,120,7.0
yolo_model.model.8.m.0.cv3.conv,121,0.0
yolo_model.model.8.m.0.cv3.conv,122,0.0
yolo_model.model.8.m.0.cv3.conv,123,0.0
yolo_model.model.8.m.0.cv3.conv,124,0.0
yolo_model.model.8.m.0.cv3.conv,125,0.0
yolo_model.model.8.m.0.cv3.conv,126,0.0
yolo_model.model.8.m.0.cv3.conv,127,0.0
yolo_model.model.8.m.0.m.0.cv1.conv,0,0.0
yolo_model.model.8.m.0.m.0.cv1.conv,1,0.0
yolo_model.model.8.m.0.m.0.cv1.conv,2,0.0
yolo_model.model.8.m.0.m.0.cv1.conv,3,0.0
yolo_model.model.8.m.0.m.0.cv1.conv,4,0.0
yolo_model.model.8.m.0.m.0.cv1.conv,5,0.0
yolo_model.model.8.m.0.m.0.cv1.conv,6,0.0
yolo_model.model.8.m.0.m.0.cv1.conv,7,37.0
yolo_model.model.8.m.0.m.0.cv1.conv,8,0.0
yolo_model.model.8.m.0.m.0.cv1.conv,9,15.0
yolo_model.model.8.m.0.m.0.cv1.conv,10,0.0
yolo_model.model.8.m.0.m.0.cv1.conv,11,0.0
yolo_model.model.8.m.0.m.0.cv1.conv,12,0.0
yolo_model.model.8.m.0.m.0.cv1.conv,13,0.0
yolo_model.model.8.m.0.m.0.cv1.conv,14,0.0
yolo_model.model.8.m.0.m.0.cv1.conv,15,0.0
yolo_model.model.8.m.0.m.0.cv1.conv,16,0.0
yolo_model.model.8.m.0.m.0.cv1.conv,17,0.0
yolo_model.model.8.m.0.m.0.cv1.conv,18,0.0
yolo_model.model.8.m.0.m.0.cv1.conv,19,0.0
yolo_model.model.8.m.0.m.0.cv1.conv,20,0.0
yolo_model.model.8.m.0.m.0.cv1.conv,21,0.0
yolo_model.model.8.m.0.m.0.cv1.conv,22,15.0
yolo_model.model.8.m.0.m.0.cv1.conv,23,0.0
yolo_model.model.8.m.0.m.0.cv1.conv,24,0.0
yolo_model.model.8.m.0.m.0.cv1.conv,25,0.0
yolo_model.model.8.m.0.m.0.cv1.conv,26,0.0
yolo_model.model.8.m.0.m.0.cv1.conv,27,0.0
yolo_model.model.8.m.0.m.0.cv1.conv,28,0.0
yolo_model.model.8.m.0.m.0.cv1.conv,29,0.0
yolo_model.model.8.m.0.m.0.cv1.conv,30,0.0
yolo_model.model.8.m.0.m.0.cv1.conv,31,0.0
yolo_model.model.8.m.0.m.0.cv1.conv,32,0.0
yolo_model.model.8.m.0.m.0.cv1.conv,33,0.0
yolo_model.model.8.m.0.m.0.cv1.conv,34,9.0
yolo_model.model.8.m.0.m.0.cv1.conv,35,6.0
yolo_model.model.8.m.0.m.0.cv1.conv,36,0.0
yolo_model.model.8.m.0.m.0.cv1.conv,37,0.0
yolo_model.model.8.m.0.m.0.cv1.conv,38,0.0
yolo_model.model.8.m.0.m.0.cv1.conv,39,0.0
yolo_model.model.8.m.0.m.0.cv1.conv,40,0.0
yolo_model.model.8.m.0.m.0.cv1.conv,41,0.0
yolo_model.model.8.m.0.m.0.cv1.conv,42,10.0
yolo_model.model.8.m.0.m.0.cv1.conv,43,4.0
yolo_model.model.8.m.0.m.0.cv1.conv,44,16.0
yolo_model.model.8.m.0.m.0.cv1.conv,45,0.0
yolo_model.model.8.m.0.m.0.cv1.conv,46,0.0
yolo_model.model.8.m.0.m.0.cv1.conv,47,0.0
yolo_model.model.8.m.0.m.0.cv1.conv,48,0.0
yolo_model.model.8.m.0.m.0.cv1.conv,49,0.0
yolo_model.model.8.m.0.m.0.cv1.conv,50,0.0
yolo_model.model.8.m.0.m.0.cv1.conv,51,0.0
yolo_model.model.8.m.0.m.0.cv1.conv,52,0.0
yolo_model.model.8.m.0.m.0.cv1.conv,53,0.0
yolo_model.model.8.m.0.m.0.cv1.conv,54,0.0
yolo_model.model.8.m.0.m.0.cv1.conv,55,0.0
yolo_model.model.8.m.0.m.0.cv1.conv,56,0.0
yolo_model.model.8.m.0.m.0.cv1.conv,57,12.0
yolo_model.model.8.m.0.m.0.cv1.conv,58,0.0
yolo_model.model.8.m.0.m.0.cv1.conv,59,0.0
yolo_model.model.8.m.0.m.0.cv1.conv,60,0.0
yolo_model.model.8.m.0.m.0.cv1.conv,61,0.0
yolo_model.model.8.m.0.m.0.cv1.conv,62,0.0
yolo_model.model.8.m.0.m.0.cv1.conv,63,0.0
yolo_model.model.8.m.0.m.0.cv2.conv,0,0.0
yolo_model.model.8.m.0.m.0.cv2.conv,1,0.0
yolo_model.model.8.m.0.m.0.cv2.conv,2,0.0
yolo_model.model.8.m.0.m.0.cv2.conv,3,0.0
yolo_model.model.8.m.0.m.0.cv2.conv,4,0.0
yolo_model.model.8.m.0.m.0.cv2.conv,5,0.0
yolo_model.model.8.m.0.m.0.cv2.conv,6,0.0
yolo_model.model.8.m.0.m.0.cv2.conv,7,0.0
yolo_model.model.8.m.0.m.0.cv2.conv,8,0.0
yolo_model.model.8.m.0.m.0.cv2.conv,9,0.0
yolo_model.model.8.m.0.m.0.cv2.conv,10,0.0
yolo_model.model.8.m.0.m.0.cv2.conv,11,0.0
yolo_model.model.8.m.0.m.0.cv2.conv,12,0.0
yolo_model.model.8.m.0.m.0.cv2.conv,13,0.0
yolo_model.model.8.m.0.m.0.cv2.conv,14,0.0
yolo_model.model.8.m.0.m.0.cv2.conv,15,0.0
yolo_model.model.8.m.0.m.0.cv2.conv,16,0.0
yolo_model.model.8.m.0.m.0.cv2.conv,17,0.0
yolo_model.model.8.m.0.m.0.cv2.conv,18,0.0
yolo_model.model.8.m.0.m.0.cv2.conv,19,0.0
yolo_model.model.8.m.0.m.0.cv2.conv,20,0.0
yolo_model.model.8.m.0.m.0.cv2.conv,21,0.0
yolo_model.model.8.m.0.m.0.cv2.conv,22,0.0
yolo_model.model.8.m.0.m.0.cv2.conv,23,0.0
yolo_model.model.8.m.0.m.0.cv2.conv,24,0.0
yolo_model.model.8.m.0.m.0.cv2.conv,25,0.0
yolo_model.model.8.m.0.m.0.cv2.conv,26,0.0
yolo_model.model.8.m.0.m.0.cv2.conv,27,0.0
yolo_model.model.8.m.0.m.0.cv2.conv,28,0.0
yolo_model.model.8.m.0.m.0.cv2.conv,29,0.0
yolo_model.model.8.m.0.m.0.cv2.conv,30,0.0
yolo_model.model.8.m.0.m.0.cv2.conv,31,0.0
yolo_model.model.8.m.0.m.0.cv2.conv,32,0.0
yolo_model.model.8.m.0.m.0.cv2.conv,33,0.0
yolo_model.model.8.m.0.m.0.cv2.conv,34,3.0
yolo_model.model.8.m.0.m.0.cv2.conv,35,0.0
yolo_model.model.8.m.0.m.0.cv2.conv,36,0.0
yolo_model.model.8.m.0.m.0.cv2.conv,37,0.0
yolo_model.model.8.m.0.m.0.cv2.conv,38,0.0
yolo_model.model.8.m.0.m.0.cv2.conv,39,0.0
yolo_model.model.8.m.0.m.0.cv2.conv,40,0.0
yolo_model.model.8.m.0.m.0.cv2.conv,41,0.0
yolo_model.model.8.m.0.m.0.cv2.conv,42,0.0
yolo_model.model.8.m.0.m.0.cv2.conv,43,0.0
yolo_model.model.8.m.0.m.0.cv2.conv,44,0.0
yolo_model.model.8.m.0.m.0.cv2.conv,45,0.0
yolo_model.model.8.m.0.m.0.cv2.conv,46,0.0
yolo_model.model.8.m.0.m.0.cv2.conv,47,0.0
yolo_model.model.8.m.0.m.0.cv2.conv,48,0.0
yolo_model.model.8.m.0.m.0.cv2.conv,49,0.0
yolo_model.model.8.m.0.m.0.cv2.conv,50,0.0
yolo_model.model.8.m.0.m.0.cv2.conv,51,0.0
yolo_model.model.8.m.0.m.0.cv2.conv,52,0.0
yolo_model.model.8.m.0.m.0.cv2.conv,53,7.0
yolo_model.model.8.m.0.m.0.cv2.conv,54,0.0
yolo_model.model.8.m.0.m.0.cv2.conv,55,0.0
yolo_model.model.8.m.0.m.0.cv2.conv,56,0.0
yolo_model.model.8.m.0.m.0.cv2.conv,57,0.0
yolo_model.model.8.m.0.m.0.cv2.conv,58,0.0
yolo_model.model.8.m.0.m.0.cv2.conv,59,0.0
yolo_model.model.8.m.0.m.0.cv2.conv,60,0.0
yolo_model.model.8.m.0.m.0.cv2.conv,61,0.0
yolo_model.model.8.m.0.m.0.cv2.conv,62,0.0
yolo_model.model.8.m.0.m.0.cv2.conv,63,0.0
yolo_model.model.8.m.0.m.1.cv1.conv,0,0.0
yolo_model.model.8.m.0.m.1.cv1.conv,1,0.0
yolo_model.model.8.m.0.m.1.cv1.conv,2,0.0
yolo_model.model.8.m.0.m.1.cv1.conv,3,0.0
yolo_model.model.8.m.0.m.1.cv1.conv,4,0.0
yolo_model.model.8.m.0.m.1.cv1.conv,5,0.0
yolo_model.model.8.m.0.m.1.cv1.conv,6,0.0
yolo_model.model.8.m.0.m.1.cv1.conv,7,0.0
yolo_model.model.8.m.0.m.1.cv1.conv,8,0.0
yolo_model.model.8.m.0.m.1.cv1.conv,9,0.0
yolo_model.model.8.m.0.m.1.cv1.conv,10,0.0
yolo_model.model.8.m.0.m.1.cv1.conv,11,0.0
yolo_model.model.8.m.0.m.1.cv1.conv,12,0.0
yolo_model.model.8.m.0.m.1.cv1.conv,13,0.0
yolo_model.model.8.m.0.m.1.cv1.conv,14,0.0
yolo_model.model.8.m.0.m.1.cv1.conv,15,0.0
yolo_model.model.8.m.0.m.1.cv1.conv,16,0.0
yolo_model.model.8.m.0.m.1.cv1.conv,17,0.0
yolo_model.model.8.m.0.m.1.cv1.conv,18,0.0
yolo_model.model.8.m.0.m.1.cv1.conv,19,0.0
yolo_model.model.8.m.0.m.1.cv1.conv,20,0.0
yolo_model.model.8.m.0.m.1.cv1.conv,21,0.0
yolo_model.model.8.m.0.m.1.cv1.conv,22,0.0
yolo_model.model.8.m.0.m.1.cv1.conv,23,0.0
yolo_model.model.8.m.0.m.1.cv1.conv,24,0.0
yolo_model.model.8.m.0.m.1.cv1.conv,25,4.0
yolo_model.model.8.m.0.m.1.cv1.conv,26,0.0
yolo_model.model.8.m.0.m.1.cv1.conv,27,0.0
yolo_model.model.8.m.0.m.1.cv1.conv,28,0.0
yolo_model.model.8.m.0.m.1.cv1.conv,29,0.0
yolo_model.model.8.m.0.m.1.cv1.conv,30,0.0
yolo_model.model.8.m.0.m.1.cv1.conv,31,0.0
yolo_model.model.8.m.0.m.1.cv1.conv,32,0.0
yolo_model.model.8.m.0.m.1.cv1.conv,33,0.0
yolo_model.model.8.m.0.m.1.cv1.conv,34,0.0
yolo_model.model.8.m.0.m.1.cv1.conv,35,0.0
yolo_model.model.8.m.0.m.1.cv1.conv,36,0.0
yolo_model.model.8.m.0.m.1.cv1.conv,37,0.0
yolo_model.model.8.m.0.m.1.cv1.conv,38,0.0
yolo_model.model.8.m.0.m.1.cv1.conv,39,0.0
yolo_model.model.8.m.0.m.1.cv1.conv,40,0.0
yolo_model.model.8.m.0.m.1.cv1.conv,41,0.0
yolo_model.model.8.m.0.m.1.cv1.conv,42,0.0
yolo_model.model.8.m.0.m.1.cv1.conv,43,0.0
yolo_model.model.8.m.0.m.1.cv1.conv,44,0.0
yolo_model.model.8.m.0.m.1.cv1.conv,45,0.0
yolo_model.model.8.m.0.m.1.cv1.conv,46,0.0
yolo_model.model.8.m.0.m.1.cv1.conv,47,0.0
yolo_model.model.8.m.0.m.1.cv1.conv,48,0.0
yolo_model.model.8.m.0.m.1.cv1.conv,49,0.0
yolo_model.model.8.m.0.m.1.cv1.conv,50,0.0
yolo_model.model.8.m.0.m.1.cv1.conv,51,0.0
yolo_model.model.8.m.0.m.1.cv1.conv,52,0.0
yolo_model.model.8.m.0.m.1.cv1.conv,53,0.0
yolo_model.model.8.m.0.m.1.cv1.conv,54,0.0
yolo_model.model.8.m.0.m.1.cv1.conv,55,0.0
yolo_model.model.8.m.0.m.1.cv1.conv,56,0.0
yolo_model.model.8.m.0.m.1.cv1.conv,57,0.0
yolo_model.model.8.m.0.m.1.cv1.conv,58,13.0
yolo_model.model.8.m.0.m.1.cv1.conv,59,0.0
yolo_model.model.8.m.0.m.1.cv1.conv,60,0.0
yolo_model.model.8.m.0.m.1.cv1.conv,61,0.0
yolo_model.model.8.m.0.m.1.cv1.conv,62,0.0
yolo_model.model.8.m.0.m.1.cv1.conv,63,0.0
yolo_model.model.8.m.0.m.1.cv2.conv,0,0.0
yolo_model.model.8.m.0.m.1.cv2.conv,1,0.0
yolo_model.model.8.m.0.m.1.cv2.conv,2,0.0
yolo_model.model.8.m.0.m.1.cv2.conv,3,0.0
yolo_model.model.8.m.0.m.1.cv2.conv,4,0.0
yolo_model.model.8.m.0.m.1.cv2.conv,5,0.0
yolo_model.model.8.m.0.m.1.cv2.conv,6,0.0
yolo_model.model.8.m.0.m.1.cv2.conv,7,0.0
yolo_model.model.8.m.0.m.1.cv2.conv,8,0.0
yolo_model.model.8.m.0.m.1.cv2.conv,9,0.0
yolo_model.model.8.m.0.m.1.cv2.conv,10,0.0
yolo_model.model.8.m.0.m.1.cv2.conv,11,0.0
yolo_model.model.8.m.0.m.1.cv2.conv,12,0.0
yolo_model.model.8.m.0.m.1.cv2.conv,13,0.0
yolo_model.model.8.m.0.m.1.cv2.conv,14,0.0
yolo_model.model.8.m.0.m.1.cv2.conv,15,0.0
yolo_model.model.8.m.0.m.1.cv2.conv,16,0.0
yolo_model.model.8.m.0.m.1.cv2.conv,17,0.0
yolo_model.model.8.m.0.m.1.cv2.conv,18,0.0
yolo_model.model.8.m.0.m.1.cv2.conv,19,0.0
yolo_model.model.8.m.0.m.1.cv2.conv,20,0.0
yolo_model.model.8.m.0.m.1.cv2.conv,21,0.0
yolo_model.model.8.m.0.m.1.cv2.conv,22,0.0
yolo_model.model.8.m.0.m.1.cv2.conv,23,0.0
yolo_model.model.8.m.0.m.1.cv2.conv,24,0.0
yolo_model.model.8.m.0.m.1.cv2.conv,25,0.0
yolo_model.model.8.m.0.m.1.cv2.conv,26,0.0
yolo_model.model.8.m.0.m.1.cv2.conv,27,0.0
yolo_model.model.8.m.0.m.1.cv2.conv,28,0.0
yolo_model.model.8.m.0.m.1.cv2.conv,29,0.0
yolo_model.model.8.m.0.m.1.cv2.conv,30,0.0
yolo_model.model.8.m.0.m.1.cv2.conv,31,0.0
yolo_model.model.8.m.0.m.1.cv2.conv,32,0.0
yolo_model.model.8.m.0.m.1.cv2.conv,33,0.0
yolo_model.model.8.m.0.m.1.cv2.conv,34,0.0
yolo_model.model.8.m.0.m.1.cv2.conv,35,0.0
yolo_model.model.8.m.0.m.1.cv2.conv,36,0.0
yolo_model.model.8.m.0.m.1.cv2.conv,37,0.0
yolo_model.model.8.m.0.m.1.cv2.conv,38,0.0
yolo_model.model.8.m.0.m.1.cv2.conv,39,0.0
yolo_model.model.8.m.0.m.1.cv2.conv,40,0.0
yolo_model.model.8.m.0.m.1.cv2.conv,41,0.0
yolo_model.model.8.m.0.m.1.cv2.conv,42,0.0
yolo_model.model.8.m.0.m.1.cv2.conv,43,6.0
yolo_model.model.8.m.0.m.1.cv2.conv,44,0.0
yolo_model.model.8.m.0.m.1.cv2.conv,45,0.0
yolo_model.model.8.m.0.m.1.cv2.conv,46,0.0
yolo_model.model.8.m.0.m.1.cv2.conv,47,0.0
yolo_model.model.8.m.0.m.1.cv2.conv,48,0.0
yolo_model.model.8.m.0.m.1.cv2.conv,49,0.0
yolo_model.model.8.m.0.m.1.cv2.conv,50,0.0
yolo_model.model.8.m.0.m.1.cv2.conv,51,0.0
yolo_model.model.8.m.0.m.1.cv2.conv,52,0.0
yolo_model.model.8.m.0.m.1.cv2.conv,53,0.0
yolo_model.model.8.m.0.m.1.cv2.conv,54,0.0
yolo_model.model.8.m.0.m.1.cv2.conv,55,0.0
yolo_model.model.8.m.0.m.1.cv2.conv,56,0.0
yolo_model.model.8.m.0.m.1.cv2.conv,57,0.0
yolo_model.model.8.m.0.m.1.cv2.conv,58,0.0
yolo_model.model.8.m.0.m.1.cv2.conv,59,0.0
yolo_model.model.8.m.0.m.1.cv2.conv,60,0.0
yolo_model.model.8.m.0.m.1.cv2.conv,61,0.0
yolo_model.model.8.m.0.m.1.cv2.conv,62,0.0
yolo_model.model.8.m.0.m.1.cv2.conv,63,0.0
yolo_model.model.9.cv1.conv,0,0.0
yolo_model.model.9.cv1.conv,1,0.0
yolo_model.model.9.cv1.conv,2,0.0
yolo_model.model.9.cv1.conv,3,0.0
yolo_model.model.9.cv1.conv,4,0.0
yolo_model.model.9.cv1.conv,5,0.0
yolo_model.model.9.cv1.conv,6,0.0
yolo_model.model.9.cv1.conv,7,0.0
yolo_model.model.9.cv1.conv,8,0.0
yolo_model.model.9.cv1.conv,9,0.0
yolo_model.model.9.cv1.conv,10,0.0
yolo_model.model.9.cv1.conv,11,2.0
yolo_model.model.9.cv1.conv,12,0.0
yolo_model.model.9.cv1.conv,13,0.0
yolo_model.model.9.cv1.conv,14,0.0
yolo_model.model.9.cv1.conv,15,0.0
yolo_model.model.9.cv1.conv,16,0.0
yolo_model.model.9.cv1.conv,17,0.0
yolo_model.model.9.cv1.conv,18,0.0
yolo_model.model.9.cv1.conv,19,0.0
yolo_model.model.9.cv1.conv,20,0.0
yolo_model.model.9.cv1.conv,21,0.0
yolo_model.model.9.cv1.conv,22,0.0
yolo_model.model.9.cv1.conv,23,0.0
yolo_model.model.9.cv1.conv,24,0.0
yolo_model.model.9.cv1.conv,25,0.0
yolo_model.model.9.cv1.conv,26,0.0
yolo_model.model.9.cv1.conv,27,0.0
yolo_model.model.9.cv1.conv,28,0.0
yolo_model.model.9.cv1.conv,29,14.0
yolo_model.model.9.cv1.conv,30,0.0
yolo_model.model.9.cv1.conv,31,0.0
yolo_model.model.9.cv1.conv,32,0.0
yolo_model.model.9.cv1.conv,33,0.0
yolo_model.model.9.cv1.conv,34,0.0
yolo_model.model.9.cv1.conv,35,0.0
yolo_model.model.9.cv1.conv,36,0.0
yolo_model.model.9.cv1.conv,37,0.0
yolo_model.model.9.cv1.conv,38,0.0
yolo_model.model.9.cv1.conv,39,0.0
yolo_model.model.9.cv1.conv,40,0.0
yolo_model.model.9.cv1.conv,41,0.0
yolo_model.model.9.cv1.conv,42,0.0
yolo_model.model.9.cv1.conv,43,0.0
yolo_model.model.9.cv1.conv,44,3.0
yolo_model.model.9.cv1.conv,45,0.0
yolo_model.model.9.cv1.conv,46,0.0
yolo_model.model.9.cv1.conv,47,0.0
yolo_model.model.9.cv1.conv,48,21.0
yolo_model.model.9.cv1.conv,49,0.0
yolo_model.model.9.cv1.conv,50,10.0
yolo_model.model.9.cv1.conv,51,31.0
yolo_model.model.9.cv1.conv,52,0.0
yolo_model.model.9.cv1.conv,53,6.0
yolo_model.model.9.cv1.conv,54,35.0
yolo_model.model.9.cv1.conv,55,0.0
yolo_model.model.9.cv1.conv,56,0.0
yolo_model.model.9.cv1.conv,57,0.0
yolo_model.model.9.cv1.conv,58,0.0
yolo_model.model.9.cv1.conv,59,0.0
yolo_model.model.9.cv1.conv,60,0.0
yolo_model.model.9.cv1.conv,61,0.0
yolo_model.model.9.cv1.conv,62,0.0
yolo_model.model.9.cv1.conv,63,0.0
yolo_model.model.9.cv1.conv,64,0.0
yolo_model.model.9.cv1.conv,65,0.0
yolo_model.model.9.cv1.conv,66,0.0
yolo_model.model.9.cv1.conv,67,0.0
yolo_model.model.9.cv1.conv,68,0.0
yolo_model.model.9.cv1.conv,69,13.0
yolo_model.model.9.cv1.conv,70,5.0
yolo_model.model.9.cv1.conv,71,16.0
yolo_model.model.9.cv1.conv,72,0.0
yolo_model.model.9.cv1.conv,73,0.0
yolo_model.model.9.cv1.conv,74,34.0
yolo_model.model.9.cv1.conv,75,28.0
yolo_model.model.9.cv1.conv,76,17.0
yolo_model.model.9.cv1.conv,77,0.0
yolo_model.model.9.cv1.conv,78,0.0
yolo_model.model.9.cv1.conv,79,0.0
yolo_model.model.9.cv1.conv,80,0.0
yolo_model.model.9.cv1.conv,81,0.0
yolo_model.model.9.cv1.conv,82,0.0
yolo_model.model.9.cv1.conv,83,2.0
yolo_model.model.9.cv1.conv,84,0.0
yolo_model.model.9.cv1.conv,85,0.0
yolo_model.model.9.cv1.conv,86,0.0
yolo_model.model.9.cv1.conv,87,0.0
yolo_model.model.9.cv1.conv,88,0.0
yolo_model.model.9.cv1.conv,89,0.0
yolo_model.model.9.cv1.conv,90,0.0
yolo_model.model.9.cv1.conv,91,0.0
yolo_model.model.9.cv1.conv,92,0.0
yolo_model.model.9.cv1.conv,93,0.0
yolo_model.model.9.cv1.conv,94,0.0
yolo_model.model.9.cv1.conv,95,0.0
yolo_model.model.9.cv1.conv,96,0.0
yolo_model.model.9.cv1.conv,97,0.0
yolo_model.model.9.cv1.conv,98,0.0
yolo_model.model.9.cv1.conv,99,0.0
yolo_model.model.9.cv1.conv,100,0.0
yolo_model.model.9.cv1.conv,101,14.0
yolo_model.model.9.cv1.conv,102,0.0
yolo_model.model.9.cv1.conv,103,397.0
yolo_model.model.9.cv1.conv,104,6.0
yolo_model.model.9.cv1.conv,105,0.0
yolo_model.model.9.cv1.conv,106,0.0
yolo_model.model.9.cv1.conv,107,0.0
yolo_model.model.9.cv1.conv,108,0.0
yolo_model.model.9.cv1.conv,109,0.0
yolo_model.model.9.cv1.conv,110,0.0
yolo_model.model.9.cv1.conv,111,0.0
yolo_model.model.9.cv1.conv,112,0.0
yolo_model.model.9.cv1.conv,113,0.0
yolo_model.model.9.cv1.conv,114,0.0
yolo_model.model.9.cv1.conv,115,0.0
yolo_model.model.9.cv1.conv,116,0.0
yolo_model.model.9.cv1.conv,117,0.0
yolo_model.model.9.cv1.conv,118,0.0
yolo_model.model.9.cv1.conv,119,0.0
yolo_model.model.9.cv1.conv,120,0.0
yolo_model.model.9.cv1.conv,121,0.0
yolo_model.model.9.cv1.conv,122,0.0
yolo_model.model.9.cv1.conv,123,0.0
yolo_model.model.9.cv1.conv,124,0.0
yolo_model.model.9.cv1.conv,125,0.0
yolo_model.model.9.cv1.conv,126,0.0
yolo_model.model.9.cv1.conv,127,1.0
yolo_model.model.9.cv2.conv,0,0.0
yolo_model.model.9.cv2.conv,1,0.0
yolo_model.model.9.cv2.conv,2,0.0
yolo_model.model.9.cv2.conv,3,0.0
yolo_model.model.9.cv2.conv,4,0.0
yolo_model.model.9.cv2.conv,5,2.0
yolo_model.model.9.cv2.conv,6,146.0
yolo_model.model.9.cv2.conv,7,0.0
yolo_model.model.9.cv2.conv,8,0.0
yolo_model.model.9.cv2.conv,9,0.0
yolo_model.model.9.cv2.conv,10,0.0
yolo_model.model.9.cv2.conv,11,0.0
yolo_model.model.9.cv2.conv,12,0.0
yolo_model.model.9.cv2.conv,13,0.0
yolo_model.model.9.cv2.conv,14,417.0
yolo_model.model.9.cv2.conv,15,38.0
yolo_model.model.9.cv2.conv,16,11.0
yolo_model.model.9.cv2.conv,17,0.0
yolo_model.model.9.cv2.conv,18,0.0
yolo_model.model.9.cv2.conv,19,0.0
yolo_model.model.9.cv2.conv,20,0.0
yolo_model.model.9.cv2.conv,21,0.0
yolo_model.model.9.cv2.conv,22,0.0
yolo_model.model.9.cv2.conv,23,7.0
yolo_model.model.9.cv2.conv,24,9.0
yolo_model.model.9.cv2.conv,25,5.0
yolo_model.model.9.cv2.conv,26,0.0
yolo_model.model.9.cv2.conv,27,4.0
yolo_model.model.9.cv2.conv,28,7.0
yolo_model.model.9.cv2.conv,29,419.0
yolo_model.model.9.cv2.conv,30,9.0
yolo_model.model.9.cv2.conv,31,0.0
yolo_model.model.9.cv2.conv,32,309.0
yolo_model.model.9.cv2.conv,33,236.0
yolo_model.model.9.cv2.conv,34,182.0
yolo_model.model.9.cv2.conv,35,9.0
yolo_model.model.9.cv2.conv,36,139.0
yolo_model.model.9.cv2.conv,37,0.0
yolo_model.model.9.cv2.conv,38,539.0
yolo_model.model.9.cv2.conv,39,29.0
yolo_model.model.9.cv2.conv,40,0.0
yolo_model.model.9.cv2.conv,41,19.0
yolo_model.model.9.cv2.conv,42,0.0
yolo_model.model.9.cv2.conv,43,0.0
yolo_model.model.9.cv2.conv,44,8.0
yolo_model.model.9.cv2.conv,45,524.0
yolo_model.model.9.cv2.conv,46,61.0
yolo_model.model.9.cv2.conv,47,92.0
yolo_model.model.9.cv2.conv,48,0.0
yolo_model.model.9.cv2.conv,49,0.0
yolo_model.model.9.cv2.conv,50,0.0
yolo_model.model.9.cv2.conv,51,0.0
yolo_model.model.9.cv2.conv,52,0.0
yolo_model.model.9.cv2.conv,53,6.0
yolo_model.model.9.cv2.conv,54,33.0
yolo_model.model.9.cv2.conv,55,0.0
yolo_model.model.9.cv2.conv,56,17.0
yolo_model.model.9.cv2.conv,57,0.0
yolo_model.model.9.cv2.conv,58,0.0
yolo_model.model.9.cv2.conv,59,71.0
yolo_model.model.9.cv2.conv,60,450.0
yolo_model.model.9.cv2.conv,61,8.0
yolo_model.model.9.cv2.conv,62,0.0
yolo_model.model.9.cv2.conv,63,14.0
yolo_model.model.9.cv2.conv,64,0.0
yolo_model.model.9.cv2.conv,65,0.0
yolo_model.model.9.cv2.conv,66,563.0
yolo_model.model.9.cv2.conv,67,31.0
yolo_model.model.9.cv2.conv,68,0.0
yolo_model.model.9.cv2.conv,69,76.0
yolo_model.model.9.cv2.conv,70,0.0
yolo_model.model.9.cv2.conv,71,0.0
yolo_model.model.9.cv2.conv,72,0.0
yolo_model.model.9.cv2.conv,73,15.0
yolo_model.model.9.cv2.conv,74,522.0
yolo_model.model.9.cv2.conv,75,0.0
yolo_model.model.9.cv2.conv,76,0.0
yolo_model.model.9.cv2.conv,77,132.0
yolo_model.model.9.cv2.conv,78,0.0
yolo_model.model.9.cv2.conv,79,0.0
yolo_model.model.9.cv2.conv,80,0.0
yolo_model.model.9.cv2.conv,81,0.0
yolo_model.model.9.cv2.conv,82,0.0
yolo_model.model.9.cv2.conv,83,5.0
yolo_model.model.9.cv2.conv,84,1.0
yolo_model.model.9.cv2.conv,85,0.0
yolo_model.model.9.cv2.conv,86,0.0
yolo_model.model.9.cv2.conv,87,0.0
yolo_model.model.9.cv2.conv,88,55.0
yolo_model.model.9.cv2.conv,89,1940.0
yolo_model.model.9.cv2.conv,90,0.0
yolo_model.model.9.cv2.conv,91,3228.0
yolo_model.model.9.cv2.conv,92,0.0
yolo_model.model.9.cv2.conv,93,0.0
yolo_model.model.9.cv2.conv,94,0.0
yolo_model.model.9.cv2.conv,95,0.0
yolo_model.model.9.cv2.conv,96,0.0
yolo_model.model.9.cv2.conv,97,0.0
yolo_model.model.9.cv2.conv,98,0.0
yolo_model.model.9.cv2.conv,99,0.0
yolo_model.model.9.cv2.conv,100,9.0
yolo_model.model.9.cv2.conv,101,0.0
yolo_model.model.9.cv2.conv,102,0.0
yolo_model.model.9.cv2.conv,103,196.0
yolo_model.model.9.cv2.conv,104,0.0
yolo_model.model.9.cv2.conv,105,487.0
yolo_model.model.9.cv2.conv,106,0.0
yolo_model.model.9.cv2.conv,107,0.0
yolo_model.model.9.cv2.conv,108,33.0
yolo_model.model.9.cv2.conv,109,0.0
yolo_model.model.9.cv2.conv,110,0.0
yolo_model.model.9.cv2.conv,111,0.0
yolo_model.model.9.cv2.conv,112,12.0
yolo_model.model.9.cv2.conv,113,6.0
yolo_model.model.9.cv2.conv,114,230.0
yolo_model.model.9.cv2.conv,115,47.0
yolo_model.model.9.cv2.conv,116,36.0
yolo_model.model.9.cv2.conv,117,0.0
yolo_model.model.9.cv2.conv,118,38.0
yolo_model.model.9.cv2.conv,119,47.0
yolo_model.model.9.cv2.conv,120,0.0
yolo_model.model.9.cv2.conv,121,123.0
yolo_model.model.9.cv2.conv,122,0.0
yolo_model.model.9.cv2.conv,123,0.0
yolo_model.model.9.cv2.conv,124,0.0
yolo_model.model.9.cv2.conv,125,65.0
yolo_model.model.9.cv2.conv,126,17.0
yolo_model.model.9.cv2.conv,127,3703.0
yolo_model.model.9.cv2.conv,128,0.0
yolo_model.model.9.cv2.conv,129,5.0
yolo_model.model.9.cv2.conv,130,0.0
yolo_model.model.9.cv2.conv,131,0.0
yolo_model.model.9.cv2.conv,132,0.0
yolo_model.model.9.cv2.conv,133,5.0
yolo_model.model.9.cv2.conv,134,0.0
yolo_model.model.9.cv2.conv,135,0.0
yolo_model.model.9.cv2.conv,136,208.0
yolo_model.model.9.cv2.conv,137,0.0
yolo_model.model.9.cv2.conv,138,0.0
yolo_model.model.9.cv2.conv,139,0.0
yolo_model.model.9.cv2.conv,140,329.0
yolo_model.model.9.cv2.conv,141,1.0
yolo_model.model.9.cv2.conv,142,0.0
yolo_model.model.9.cv2.conv,143,15.0
yolo_model.model.9.cv2.conv,144,0.0
yolo_model.model.9.cv2.conv,145,0.0
yolo_model.model.9.cv2.conv,146,0.0
yolo_model.model.9.cv2.conv,147,11.0
yolo_model.model.9.cv2.conv,148,0.0
yolo_model.model.9.cv2.conv,149,101.0
yolo_model.model.9.cv2.conv,150,0.0
yolo_model.model.9.cv2.conv,151,0.0
yolo_model.model.9.cv2.conv,152,41.0
yolo_model.model.9.cv2.conv,153,21.0
yolo_model.model.9.cv2.conv,154,0.0
yolo_model.model.9.cv2.conv,155,15.0
yolo_model.model.9.cv2.conv,156,0.0
yolo_model.model.9.cv2.conv,157,1.0
yolo_model.model.9.cv2.conv,158,0.0
yolo_model.model.9.cv2.conv,159,0.0
yolo_model.model.9.cv2.conv,160,9.0
yolo_model.model.9.cv2.conv,161,22.0
yolo_model.model.9.cv2.conv,162,0.0
yolo_model.model.9.cv2.conv,163,7.0
yolo_model.model.9.cv2.conv,164,0.0
yolo_model.model.9.cv2.conv,165,9.0
yolo_model.model.9.cv2.conv,166,1.0
yolo_model.model.9.cv2.conv,167,0.0
yolo_model.model.9.cv2.conv,168,0.0
yolo_model.model.9.cv2.conv,169,1044.0
yolo_model.model.9.cv2.conv,170,0.0
yolo_model.model.9.cv2.conv,171,11.0
yolo_model.model.9.cv2.conv,172,0.0
yolo_model.model.9.cv2.conv,173,9.0
yolo_model.model.9.cv2.conv,174,8.0
yolo_model.model.9.cv2.conv,175,398.0
yolo_model.model.9.cv2.conv,176,58.0
yolo_model.model.9.cv2.conv,177,80.0
yolo_model.model.9.cv2.conv,178,0.0
yolo_model.model.9.cv2.conv,179,0.0
yolo_model.model.9.cv2.conv,180,0.0
yolo_model.model.9.cv2.conv,181,0.0
yolo_model.model.9.cv2.conv,182,9.0
yolo_model.model.9.cv2.conv,183,543.0
yolo_model.model.9.cv2.conv,184,68.0
yolo_model.model.9.cv2.conv,185,18.0
yolo_model.model.9.cv2.conv,186,285.0
yolo_model.model.9.cv2.conv,187,17.0
yolo_model.model.9.cv2.conv,188,0.0
yolo_model.model.9.cv2.conv,189,0.0
yolo_model.model.9.cv2.conv,190,0.0
yolo_model.model.9.cv2.conv,191,0.0
yolo_model.model.9.cv2.conv,192,0.0
yolo_model.model.9.cv2.conv,193,43.0
yolo_model.model.9.cv2.conv,194,0.0
yolo_model.model.9.cv2.conv,195,0.0
yolo_model.model.9.cv2.conv,196,0.0
yolo_model.model.9.cv2.conv,197,1063.0
yolo_model.model.9.cv2.conv,198,30.0
yolo_model.model.9.cv2.conv,199,0.0
yolo_model.model.9.cv2.conv,200,0.0
yolo_model.model.9.cv2.conv,201,0.0
yolo_model.model.9.cv2.conv,202,328.0
yolo_model.model.9.cv2.conv,203,0.0
yolo_model.model.9.cv2.conv,204,41.0
yolo_model.model.9.cv2.conv,205,108.0
yolo_model.model.9.cv2.conv,206,0.0
yolo_model.model.9.cv2.conv,207,0.0
yolo_model.model.9.cv2.conv,208,0.0
yolo_model.model.9.cv2.conv,209,3.0
yolo_model.model.9.cv2.conv,210,0.0
yolo_model.model.9.cv2.conv,211,0.0
yolo_model.model.9.cv2.conv,212,0.0
yolo_model.model.9.cv2.conv,213,79.0
yolo_model.model.9.cv2.conv,214,3.0
yolo_model.model.9.cv2.conv,215,91.0
yolo_model.model.9.cv2.conv,216,0.0
yolo_model.model.9.cv2.conv,217,0.0
yolo_model.model.9.cv2.conv,218,0.0
yolo_model.model.9.cv2.conv,219,0.0
yolo_model.model.9.cv2.conv,220,112.0
yolo_model.model.9.cv2.conv,221,421.0
yolo_model.model.9.cv2.conv,222,5.0
yolo_model.model.9.cv2.conv,223,0.0
yolo_model.model.9.cv2.conv,224,0.0
yolo_model.model.9.cv2.conv,225,56.0
yolo_model.model.9.cv2.conv,226,0.0
yolo_model.model.9.cv2.conv,227,0.0
yolo_model.model.9.cv2.conv,228,0.0
yolo_model.model.9.cv2.conv,229,294.0
yolo_model.model.9.cv2.conv,230,0.0
yolo_model.model.9.cv2.conv,231,0.0
yolo_model.model.9.cv2.conv,232,17.0
yolo_model.model.9.cv2.conv,233,0.0
yolo_model.model.9.cv2.conv,234,0.0
yolo_model.model.9.cv2.conv,235,0.0
yolo_model.model.9.cv2.conv,236,19.0
yolo_model.model.9.cv2.conv,237,0.0
yolo_model.model.9.cv2.conv,238,72.0
yolo_model.model.9.cv2.conv,239,55.0
yolo_model.model.9.cv2.conv,240,50.0
yolo_model.model.9.cv2.conv,241,0.0
yolo_model.model.9.cv2.conv,242,0.0
yolo_model.model.9.cv2.conv,243,2.0
yolo_model.model.9.cv2.conv,244,252.0
yolo_model.model.9.cv2.conv,245,302.0
yolo_model.model.9.cv2.conv,246,0.0
yolo_model.model.9.cv2.conv,247,129.0
yolo_model.model.9.cv2.conv,248,0.0
yolo_model.model.9.cv2.conv,249,40.0
yolo_model.model.9.cv2.conv,250,0.0
yolo_model.model.9.cv2.conv,251,0.0
yolo_model.model.9.cv2.conv,252,139.0
yolo_model.model.9.cv2.conv,253,0.0
yolo_model.model.9.cv2.conv,254,0.0
yolo_model.model.9.cv2.conv,255,141.0
